time,bpm
2022-04-23 00:00:16.669814+00:00,55
2022-04-23 00:00:45.373937+00:00,54
2022-04-23 00:01:16.693372+00:00,55
2022-04-23 00:01:35.639491+00:00,53
2022-04-23 00:02:04.394005+00:00,52
2022-04-23 00:02:34.407864+00:00,51
2022-04-23 00:03:03.795248+00:00,53
2022-04-23 00:03:21.435723+00:00,52
2022-04-23 00:03:52.758827+00:00,76
2022-04-23 00:04:20.793415+00:00,49
2022-04-23 00:04:48.241767+00:00,54
2022-04-23 00:05:15.653641+00:00,50
2022-04-23 00:05:33.334266+00:00,54
2022-04-23 00:06:03.344365+00:00,48
2022-04-23 00:06:30.754665+00:00,52
2022-04-23 00:07:00.861001+00:00,55
2022-04-23 00:07:18.541860+00:00,53
2022-04-23 00:07:46.625294+00:00,52
2022-04-23 00:08:16.637799+00:00,55
2022-04-23 00:08:44.711787+00:00,53
2022-04-23 00:09:13.473066+00:00,50
2022-04-23 00:09:32.419037+00:00,53
2022-04-23 00:10:03.740793+00:00,55
2022-04-23 00:11:22.760264+00:00,53
2022-04-23 00:11:52.774028+00:00,76
2022-04-23 00:12:21.532021+00:00,53
2022-04-23 00:12:51.544811+00:00,55
2022-04-23 00:13:20.255469+00:00,76
2022-04-23 00:14:23.527458+00:00,55
2022-04-23 00:14:53.539272+00:00,76
2022-04-23 00:15:19.732549+00:00,55
2022-04-23 00:15:47.812637+00:00,57
2022-04-23 00:16:16.576772+00:00,52
2022-04-23 00:16:46.587055+00:00,55
2022-04-23 00:17:14.615122+00:00,54
2022-04-23 00:17:32.348343+00:00,56
2022-04-23 00:18:29.813704+00:00,55
2022-04-23 00:19:00.457972+00:00,54
2022-04-23 00:19:48.787428+00:00,55
2022-04-23 00:20:17.494743+00:00,57
2022-04-23 00:20:45.575601+00:00,54
2022-04-23 00:21:15.601878+00:00,76
2022-04-23 00:21:34.540171+00:00,54
2022-04-23 00:22:32.586649+00:00,55
2022-04-23 00:23:01.482712+00:00,52
2022-04-23 00:23:20.424235+00:00,50
2022-04-23 00:23:49.766802+00:00,52
2022-04-23 00:24:18.521430+00:00,53
2022-04-23 00:24:51.776873+00:00,76
2022-04-23 00:25:16.573819+00:00,53
2022-04-23 00:25:48.572143+00:00,55
2022-04-23 00:27:18.611271+00:00,48
2022-04-23 00:27:39.537761+00:00,55
2022-04-23 00:28:37.588468+00:00,54
2022-04-23 00:29:05.668229+00:00,52
2022-04-23 00:29:24.658813+00:00,49
2022-04-23 00:29:53.367212+00:00,53
2022-04-23 00:30:24.687718+00:00,55
2022-04-23 00:30:54.706017+00:00,76
2022-04-23 00:31:17.608947+00:00,52
2022-04-23 00:31:45.732552+00:00,53
2022-04-23 00:32:15.750159+00:00,48
2022-04-23 00:32:45.811491+00:00,55
2022-04-23 00:33:14.520549+00:00,53
2022-04-23 00:34:01.542963+00:00,52
2022-04-23 00:34:29.586849+00:00,54
2022-04-23 00:34:57.664864+00:00,52
2022-04-23 00:35:16.649172+00:00,54
2022-04-23 00:36:14.833017+00:00,55
2022-04-23 00:36:43.544858+00:00,52
2022-04-23 00:37:11.630601+00:00,53
2022-04-23 00:38:00.765727+00:00,55
2022-04-23 00:38:29.478205+00:00,49
2022-04-23 00:38:59.537401+00:00,55
2022-04-23 00:39:19.791258+00:00,48
2022-04-23 00:40:21.750132+00:00,55
2022-04-23 00:40:51.771546+00:00,75
2022-04-23 00:41:19.170625+00:00,48
2022-04-23 00:42:16.597007+00:00,61
2022-04-23 00:42:44.676682+00:00,68
2022-04-23 00:43:13.383017+00:00,64
2022-04-23 00:43:31.701445+00:00,55
2022-04-23 00:43:59.783314+00:00,61
2022-04-23 00:44:29.845355+00:00,76
2022-04-23 00:45:00.487610+00:00,64
2022-04-23 00:45:18.806769+00:00,70
2022-04-23 00:45:48.826930+00:00,76
2022-04-23 00:46:16.265153+00:00,54
2022-04-23 00:46:45.608246+00:00,55
2022-04-23 00:47:33.308169+00:00,70
2022-04-23 00:48:02.693491+00:00,48
2022-04-23 00:48:32.704022+00:00,76
2022-04-23 00:49:22.342181+00:00,71
2022-04-23 00:49:51.727306+00:00,52
2022-04-23 00:50:23.679876+00:00,71
2022-04-23 00:50:52.431934+00:00,55
2022-04-23 00:51:46.616892+00:00,64
2022-04-23 00:52:46.656922+00:00,76
2022-04-23 00:53:15.355440+00:00,55
2022-04-23 00:54:03.686972+00:00,61
2022-04-23 00:54:31.756947+00:00,67
2022-04-23 00:54:59.216939+00:00,70
2022-04-23 00:55:17.532573+00:00,67
2022-04-23 00:55:45.569950+00:00,64
2022-04-23 00:56:13.683928+00:00,68
2022-04-23 00:56:42.403953+00:00,74
2022-04-23 00:57:08.549060+00:00,79
2022-04-23 00:58:16.508049+00:00,67
2022-04-23 00:58:46.605929+00:00,55
2022-04-23 00:59:14.680553+00:00,68
2022-04-23 00:59:32.326671+00:00,64
2022-04-23 01:00:01.666716+00:00,76
2022-04-23 01:00:30.376540+00:00,60
2022-04-23 01:01:01.699975+00:00,48
2022-04-23 01:01:54.572918+00:00,76
2022-04-23 01:03:20.663695+00:00,55
2022-04-23 01:03:51.303498+00:00,64
2022-04-23 01:04:21.320085+00:00,76
2022-04-23 01:04:51.333370+00:00,55
2022-04-23 01:05:50.695377+00:00,71
2022-04-23 01:06:20.704991+00:00,55
2022-04-23 01:06:50.721256+00:00,76
2022-04-23 01:07:18.808855+00:00,55
2022-04-23 01:07:48.813622+00:00,50
2022-04-23 01:08:21.432827+00:00,76
2022-04-23 01:08:52.764835+00:00,55
2022-04-23 01:09:21.472892+00:00,76
2022-04-23 01:10:21.594060+00:00,47
2022-04-23 01:10:51.601498+00:00,76
2022-04-23 01:11:17.708158+00:00,64
2022-04-23 01:11:47.725328+00:00,48
2022-04-23 01:12:16.431534+00:00,55
2022-04-23 01:12:47.756625+00:00,71
2022-04-23 01:13:16.465402+00:00,47
2022-04-23 01:13:35.454982+00:00,45
2022-04-23 01:14:05.520766+00:00,48
2022-04-23 01:14:37.512962+00:00,76
2022-04-23 01:15:06.851170+00:00,53
2022-04-23 01:15:25.844582+00:00,55
2022-04-23 01:15:54.552609+00:00,52
2022-04-23 01:16:23.261900+00:00,55
2022-04-23 01:16:54.675555+00:00,76
2022-04-23 01:17:16.315262+00:00,52
2022-04-23 01:17:46.335404+00:00,76
2022-04-23 01:18:43.751844+00:00,53
2022-04-23 01:19:12.460999+00:00,52
2022-04-23 01:19:32.760667+00:00,55
2022-04-23 01:20:01.473285+00:00,50
2022-04-23 01:20:32.788960+00:00,55
2022-04-23 01:21:02.801521+00:00,51
2022-04-23 01:21:21.749100+00:00,76
2022-04-23 01:22:25.693661+00:00,45
2022-04-23 01:22:55.710453+00:00,75
2022-04-23 01:23:16.631428+00:00,48
2022-04-23 01:23:45.342512+00:00,55
2022-04-23 01:24:46.689422+00:00,64
2022-04-23 01:25:16.700715+00:00,76
2022-04-23 01:25:35.682998+00:00,78
2022-04-23 01:26:04.395815+00:00,48
2022-04-23 01:26:31.807154+00:00,65
2022-04-23 01:27:00.518444+00:00,54
2022-04-23 01:27:20.764952+00:00,55
2022-04-23 01:27:52.758946+00:00,48
2022-04-23 01:28:25.470908+00:00,76
2022-04-23 01:28:56.794525+00:00,48
2022-04-23 01:29:53.629947+00:00,76
2022-04-23 01:30:21.714938+00:00,52
2022-04-23 01:30:51.773328+00:00,55
2022-04-23 01:31:16.565086+00:00,53
2022-04-23 01:31:44.641411+00:00,61
2022-04-23 01:32:13.354575+00:00,54
2022-04-23 01:32:43.371215+00:00,76
2022-04-23 01:33:12.760003+00:00,52
2022-04-23 01:33:31.745315+00:00,53
2022-04-23 01:34:01.761327+00:00,55
2022-04-23 01:34:30.458054+00:00,54
2022-04-23 01:35:00.531931+00:00,55
2022-04-23 01:35:19.472495+00:00,53
2022-04-23 01:35:50.791823+00:00,76
2022-04-23 01:36:20.813756+00:00,48
2022-04-23 01:36:48.217764+00:00,53
2022-04-23 01:37:17.604810+00:00,55
2022-04-23 01:37:38.521408+00:00,76
2022-04-23 01:38:43.194857+00:00,55
2022-04-23 01:39:32.831427+00:00,48
2022-04-23 01:40:01.584057+00:00,55
2022-04-23 01:41:01.660092+00:00,48
2022-04-23 01:41:20.608405+00:00,54
2022-04-23 01:41:50.665485+00:00,48
2022-04-23 01:42:52.677816+00:00,76
2022-04-23 01:43:16.213741+00:00,59
2022-04-23 01:43:45.644362+00:00,48
2022-04-23 01:44:13.769762+00:00,56
2022-04-23 01:44:46.397519+00:00,76
2022-04-23 01:45:17.717656+00:00,79
2022-04-23 01:45:38.644019+00:00,55
2022-04-23 01:46:38.716552+00:00,48
2022-04-23 01:47:08.730787+00:00,55
2022-04-23 01:47:27.672061+00:00,53
2022-04-23 01:47:56.385297+00:00,54
2022-04-23 01:48:25.723650+00:00,56
2022-04-23 01:48:53.807986+00:00,57
2022-04-23 01:49:17.292798+00:00,53
2022-04-23 01:49:44.705810+00:00,55
2022-04-23 01:50:42.797031+00:00,54
2022-04-23 01:51:10.199934+00:00,53
2022-04-23 01:51:29.823074+00:00,76
2022-04-23 01:51:58.537914+00:00,55
2022-04-23 01:52:26.613975+00:00,54
2022-04-23 01:52:54.692737+00:00,53
2022-04-23 01:53:17.547448+00:00,56
2022-04-23 01:53:46.268872+00:00,53
2022-04-23 01:54:13.666801+00:00,55
2022-04-23 01:55:11.762047+00:00,53
2022-04-23 01:55:30.844292+00:00,56
2022-04-23 01:55:58.247136+00:00,57
2022-04-23 01:56:25.656050+00:00,56
2022-04-23 01:56:54.371516+00:00,55
2022-04-23 01:57:46.654852+00:00,64
2022-04-23 01:58:12.761948+00:00,52
2022-04-23 01:58:42.773839+00:00,55
2022-04-23 01:59:11.485907+00:00,54
2022-04-23 01:59:29.793073+00:00,68
2022-04-23 01:59:59.854480+00:00,55
2022-04-23 02:00:56.740543+00:00,57
2022-04-23 02:01:17.663741+00:00,55
2022-04-23 02:02:15.711458+00:00,54
2022-04-23 02:02:44.423488+00:00,55
2022-04-23 02:04:01.508327+00:00,64
2022-04-23 02:04:30.208484+00:00,51
2022-04-23 02:04:57.624978+00:00,48
2022-04-23 02:05:16.616266+00:00,53
2022-04-23 02:05:47.256530+00:00,64
2022-04-23 02:06:16.961863+00:00,48
2022-04-23 02:06:17.850371+00:00,0
2022-04-23 02:06:48.415521+00:00,55
2022-04-23 02:08:35.473945+00:00,54
2022-04-23 02:09:04.313102+00:00,55
2022-04-23 02:09:52.643583+00:00,53
2022-04-23 02:10:21.358632+00:00,57
2022-04-23 02:10:51.373365+00:00,48
2022-04-23 02:11:19.399263+00:00,64
2022-04-23 02:11:47.533416+00:00,59
2022-04-23 02:12:16.242830+00:00,55
2022-04-23 02:12:43.649817+00:00,54
2022-04-23 02:13:13.669183+00:00,55
2022-04-23 02:14:01.321702+00:00,53
2022-04-23 02:14:57.431313+00:00,55
2022-04-23 02:16:19.743489+00:00,48
2022-04-23 02:16:49.751068+00:00,55
2022-04-23 02:17:16.618206+00:00,56
2022-04-23 02:17:44.651691+00:00,53
2022-04-23 02:18:12.745001+00:00,56
2022-04-23 02:18:41.443205+00:00,55
2022-04-23 02:19:09.531413+00:00,59
2022-04-23 02:19:29.779528+00:00,48
2022-04-23 02:19:58.471324+00:00,54
2022-04-23 02:20:26.566939+00:00,61
2022-04-23 02:20:55.271325+00:00,55
2022-04-23 02:21:17.507236+00:00,64
2022-04-23 02:21:49.459515+00:00,55
2022-04-23 02:22:22.711093+00:00,76
2022-04-23 02:22:51.422710+00:00,48
2022-04-23 02:24:15.658561+00:00,79
2022-04-23 02:24:44.503547+00:00,48
2022-04-23 02:25:14.522159+00:00,55
2022-04-23 02:25:32.297218+00:00,76
2022-04-23 02:26:02.313116+00:00,48
2022-04-23 02:27:24.667398+00:00,55
2022-04-23 02:28:24.697250+00:00,48
2022-04-23 02:29:48.264739+00:00,50
2022-04-23 02:30:15.798586+00:00,45
2022-04-23 02:30:43.826960+00:00,53
2022-04-23 02:31:12.544110+00:00,86
2022-04-23 02:31:31.487198+00:00,64
2022-04-23 02:32:00.294710+00:00,46
2022-04-23 02:32:30.308842+00:00,55
2022-04-23 02:32:57.715691+00:00,50
2022-04-23 02:33:17.329378+00:00,64
2022-04-23 02:33:47.977815+00:00,79
2022-04-23 02:34:15.378189+00:00,54
2022-04-23 02:34:46.747714+00:00,76
2022-04-23 02:35:14.828473+00:00,48
2022-04-23 02:35:32.643015+00:00,55
2022-04-23 02:36:03.290657+00:00,48
2022-04-23 02:36:32.717225+00:00,55
2022-04-23 02:37:01.525254+00:00,71
2022-04-23 02:37:19.569259+00:00,86
2022-04-23 02:37:48.279389+00:00,50
2022-04-23 02:38:15.683056+00:00,48
2022-04-23 02:38:44.397700+00:00,50
2022-04-23 02:39:17.687694+00:00,71
2022-04-23 02:39:36.681557+00:00,76
2022-04-23 02:40:06.699632+00:00,71
2022-04-23 02:40:39.333306+00:00,95
2022-04-23 02:41:30.264100+00:00,55
2022-04-23 02:42:30.295789+00:00,64
2022-04-23 02:42:57.703061+00:00,52
2022-04-23 02:43:16.698818+00:00,55
2022-04-23 02:43:45.409560+00:00,53
2022-04-23 02:44:18.659203+00:00,40
2022-04-23 02:44:47.375406+00:00,52
2022-04-23 02:45:34.347989+00:00,49
2022-04-23 02:46:04.363033+00:00,55
2022-04-23 02:47:22.030034+00:00,54
2022-04-23 02:47:50.730708+00:00,76
2022-04-23 02:48:20.763274+00:00,48
2022-04-23 02:48:48.845487+00:00,57
2022-04-23 02:49:16.248383+00:00,54
2022-04-23 02:49:45.582652+00:00,52
2022-04-23 02:50:15.589854+00:00,55
2022-04-23 02:50:45.621091+00:00,48
2022-04-23 02:51:15.634849+00:00,55
2022-04-23 02:51:33.315225+00:00,53
2022-04-23 02:52:02.703567+00:00,55
2022-04-23 02:52:32.758550+00:00,49
2022-04-23 02:53:01.473523+00:00,53
2022-04-23 02:53:20.551491+00:00,52
2022-04-23 02:53:50.571877+00:00,55
2022-04-23 02:54:49.292401+00:00,52
2022-04-23 02:55:16.697755+00:00,53
2022-04-23 02:55:46.715039+00:00,55
2022-04-23 02:57:18.017228+00:00,48
2022-04-23 02:58:06.977681+00:00,52
2022-04-23 02:58:35.686020+00:00,49
2022-04-23 02:59:04.391423+00:00,52
2022-04-23 02:59:22.725657+00:00,53
2022-04-23 02:59:52.732121+00:00,76
2022-04-23 03:00:22.737242+00:00,52
2022-04-23 03:00:51.457150+00:00,49
2022-04-23 03:01:19.540988+00:00,55
2022-04-23 03:01:48.290027+00:00,54
2022-04-23 03:02:44.406095+00:00,53
2022-04-23 03:03:32.735420+00:00,55
2022-04-23 03:04:01.447605+00:00,53
2022-04-23 03:04:30.839475+00:00,55
2022-04-23 03:04:59.589228+00:00,53
2022-04-23 03:05:18.533249+00:00,52
2022-04-23 03:05:48.549798+00:00,55
2022-04-23 03:07:17.290171+00:00,54
2022-04-23 03:07:37.583401+00:00,55
2022-04-23 03:09:07.635807+00:00,48
2022-04-23 03:09:28.560493+00:00,76
2022-04-23 03:09:58.575226+00:00,64
2022-04-23 03:10:54.775413+00:00,86
2022-04-23 03:11:19.573359+00:00,48
2022-04-23 03:12:17.621822+00:00,58
2022-04-23 03:12:50.247242+00:00,76
2022-04-23 03:13:17.649080+00:00,55
2022-04-23 03:13:46.368234+00:00,53
2022-04-23 03:14:13.767518+00:00,58
2022-04-23 03:14:43.786053+00:00,48
2022-04-23 03:15:13.799698+00:00,55
2022-04-23 03:15:31.531652+00:00,53
2022-04-23 03:16:57.793503+00:00,76
2022-04-23 03:17:16.736910+00:00,52
2022-04-23 03:17:46.797056+00:00,48
2022-04-23 03:18:18.751505+00:00,55
2022-04-23 03:19:16.262576+00:00,52
2022-04-23 03:19:43.666970+00:00,86
2022-04-23 03:20:16.921781+00:00,71
2022-04-23 03:20:45.634895+00:00,55
2022-04-23 03:21:37.252125+00:00,48
2022-04-23 03:22:07.258718+00:00,55
2022-04-23 03:23:57.576885+00:00,48
2022-04-23 03:24:27.571336+00:00,76
2022-04-23 03:24:57.584061+00:00,55
2022-04-23 03:25:20.445929+00:00,71
2022-04-23 03:25:51.772372+00:00,48
2022-04-23 03:26:19.803353+00:00,52
2022-04-23 03:26:49.821222+00:00,48
2022-04-23 03:28:18.561100+00:00,55
2022-04-23 03:28:46.641853+00:00,50
2022-04-23 03:29:14.727113+00:00,54
2022-04-23 03:29:37.582691+00:00,76
2022-04-23 03:30:06.278152+00:00,54
2022-04-23 03:30:36.301413+00:00,55
2022-04-23 03:31:06.323296+00:00,76
2022-04-23 03:31:24.639552+00:00,55
2022-04-23 03:31:56.585314+00:00,76
2022-04-23 03:32:26.605315+00:00,64
2022-04-23 03:33:18.803375+00:00,48
2022-04-23 03:33:47.509205+00:00,64
2022-04-23 03:34:17.569665+00:00,55
2022-04-23 03:34:47.588554+00:00,76
2022-04-23 03:35:17.600813+00:00,48
2022-04-23 03:35:34.619418+00:00,72
2022-04-23 03:36:04.673189+00:00,64
2022-04-23 03:37:03.400530+00:00,55
2022-04-23 03:37:53.657531+00:00,76
2022-04-23 03:38:21.747082+00:00,64
2022-04-23 03:40:16.799867+00:00,48
2022-04-23 03:40:44.220778+00:00,45
2022-04-23 03:41:11.620258+00:00,48
2022-04-23 03:42:29.348047+00:00,50
2022-04-23 03:42:59.395212+00:00,48
2022-04-23 03:43:45.788436+00:00,67
2022-04-23 03:44:15.812659+00:00,48
2022-04-23 03:45:15.253423+00:00,55
2022-04-23 03:45:35.508759+00:00,64
2022-04-23 03:46:08.807563+00:00,76
2022-04-23 03:46:38.818516+00:00,48
2022-04-23 03:47:07.709822+00:00,55
2022-04-23 03:47:30.613716+00:00,73
2022-04-23 03:48:02.601321+00:00,71
2022-04-23 03:48:32.625956+00:00,75
2022-04-23 03:49:02.682680+00:00,55
2022-04-23 03:49:24.244244+00:00,76
2022-04-23 03:49:54.249441+00:00,55
2022-04-23 03:50:24.314799+00:00,76
2022-04-23 03:50:53.696734+00:00,48
2022-04-23 03:51:21.783654+00:00,75
2022-04-23 03:51:51.797167+00:00,55
2022-04-23 03:52:20.501452+00:00,64
2022-04-23 03:53:18.740792+00:00,48
2022-04-23 03:53:49.389743+00:00,64
2022-04-23 03:54:48.739133+00:00,55
2022-04-23 03:55:18.169481+00:00,49
2022-04-23 03:55:18.930654+00:00,0
2022-04-23 03:55:47.555088+00:00,46
2022-04-23 03:56:17.574921+00:00,48
2022-04-23 03:56:46.909986+00:00,53
2022-04-23 03:57:15.663727+00:00,76
2022-04-23 03:58:05.931481+00:00,51
2022-04-23 03:58:34.642169+00:00,55
2022-04-23 03:59:02.728392+00:00,64
2022-04-23 03:59:20.407206+00:00,50
2022-04-23 03:59:47.812401+00:00,65
2022-04-23 04:00:16.567496+00:00,48
2022-04-23 04:00:50.629880+00:00,76
2022-04-23 04:00:51.393939+00:00,75
2022-04-23 04:01:20.646759+00:00,48
2022-04-23 04:01:50.665582+00:00,76
2022-04-23 04:02:20.670769+00:00,64
2022-04-23 04:02:49.523293+00:00,53
2022-04-23 04:03:21.564825+00:00,76
2022-04-23 04:03:47.715290+00:00,95
2022-04-23 04:04:16.603684+00:00,48
2022-04-23 04:04:44.774129+00:00,57
2022-04-23 04:05:15.459039+00:00,55
2022-04-23 04:05:36.565438+00:00,76
2022-04-23 04:06:04.735816+00:00,53
2022-04-23 04:06:34.791144+00:00,48
2022-04-23 04:07:04.932870+00:00,55
2022-04-23 04:08:50.426884+00:00,58
2022-04-23 04:09:20.440753+00:00,55
2022-04-23 04:09:48.525686+00:00,57
2022-04-23 04:10:19.257547+00:00,55
2022-04-23 04:11:16.770584+00:00,53
2022-04-23 04:11:46.784347+00:00,55
2022-04-23 04:12:47.565754+00:00,64
2022-04-23 04:13:16.369484+00:00,53
2022-04-23 04:13:34.688681+00:00,57
2022-04-23 04:14:04.788527+00:00,55
2022-04-23 04:14:32.244080+00:00,52
2022-04-23 04:15:02.296458+00:00,51
2022-04-23 04:15:20.630996+00:00,54
2022-04-23 04:15:50.718060+00:00,55
2022-04-23 04:16:21.587104+00:00,48
2022-04-23 04:16:51.605332+00:00,55
2022-04-23 04:17:17.749588+00:00,52
2022-04-23 04:17:45.838986+00:00,53
2022-04-23 04:18:44.611294+00:00,71
2022-04-23 04:19:13.323969+00:00,53
2022-04-23 04:20:00.440161+00:00,54
2022-04-23 04:20:29.825757+00:00,53
2022-04-23 04:20:58.533937+00:00,55
2022-04-23 04:21:16.219355+00:00,54
2022-04-23 04:21:43.709188+00:00,52
2022-04-23 04:22:40.551182+00:00,53
2022-04-23 04:23:09.263336+00:00,50
2022-04-23 04:23:27.580380+00:00,55
2022-04-23 04:23:56.331568+00:00,49
2022-04-23 04:24:25.715965+00:00,48
2022-04-23 04:24:53.794716+00:00,53
2022-04-23 04:25:46.673977+00:00,55
2022-04-23 04:26:44.804429+00:00,52
2022-04-23 04:27:13.569900+00:00,48
2022-04-23 04:27:32.558878+00:00,55
2022-04-23 04:28:00.639290+00:00,56
2022-04-23 04:28:28.760228+00:00,53
2022-04-23 04:28:58.777267+00:00,55
2022-04-23 04:29:18.444017+00:00,54
2022-04-23 04:29:47.781904+00:00,55
2022-04-23 04:30:15.236121+00:00,53
2022-04-23 04:30:43.309532+00:00,49
2022-04-23 04:31:12.702088+00:00,48
2022-04-23 04:31:32.318120+00:00,55
2022-04-23 04:32:31.717863+00:00,48
2022-04-23 04:33:18.752116+00:00,50
2022-04-23 04:33:48.763470+00:00,55
2022-04-23 04:34:16.839010+00:00,52
2022-04-23 04:34:47.532022+00:00,48
2022-04-23 04:35:16.328500+00:00,71
2022-04-23 04:35:37.253933+00:00,55
2022-04-23 04:36:07.267306+00:00,71
2022-04-23 04:36:36.698652+00:00,48
2022-04-23 04:37:04.828048+00:00,52
2022-04-23 04:37:23.769310+00:00,50
2022-04-23 04:37:52.474719+00:00,59
2022-04-23 04:38:21.189698+00:00,48
2022-04-23 04:38:48.600683+00:00,52
2022-04-23 04:39:21.221661+00:00,76
2022-04-23 04:40:49.380138+00:00,48
2022-04-23 04:41:17.409080+00:00,50
2022-04-23 04:41:50.709084+00:00,76
2022-04-23 04:42:21.404648+00:00,0
2022-04-23 04:42:52.635298+00:00,48
2022-04-23 04:43:18.739514+00:00,76
2022-04-23 04:43:46.818104+00:00,0
2022-04-23 04:44:16.738734+00:00,45
2022-04-23 04:44:45.438661+00:00,46
2022-04-23 04:45:15.511401+00:00,55
2022-04-23 04:45:36.435530+00:00,76
2022-04-23 04:46:06.544894+00:00,44
2022-04-23 04:46:35.255091+00:00,46
2022-04-23 04:47:04.635895+00:00,55
2022-04-23 04:47:53.639578+00:00,45
2022-04-23 04:48:26.265666+00:00,76
2022-04-23 04:48:53.672227+00:00,48
2022-04-23 04:49:17.842909+00:00,55
2022-04-23 04:49:48.489807+00:00,48
2022-04-23 04:50:17.191275+00:00,101
2022-04-23 04:50:47.202987+00:00,45
2022-04-23 04:51:20.465162+00:00,76
2022-04-23 04:51:40.713758+00:00,48
2022-04-23 04:52:13.340268+00:00,76
2022-04-23 04:52:40.749485+00:00,42
2022-04-23 04:53:09.453956+00:00,64
2022-04-23 04:53:29.747982+00:00,48
2022-04-23 04:54:58.581732+00:00,55
2022-04-23 04:55:17.569956+00:00,45
2022-04-23 04:55:46.908572+00:00,54
2022-04-23 04:56:19.584351+00:00,75
2022-04-23 04:56:50.226718+00:00,44
2022-04-23 04:57:20.243128+00:00,47
2022-04-23 04:57:53.487792+00:00,76
2022-04-23 04:58:59.383712+00:00,48
2022-04-23 04:59:17.692749+00:00,49
2022-04-23 04:59:50.319074+00:00,71
2022-04-23 05:00:21.638363+00:00,79
2022-04-23 05:00:50.344114+00:00,45
2022-04-23 05:01:21.667140+00:00,75
2022-04-23 05:01:54.929660+00:00,76
2022-04-23 05:02:58.182794+00:00,48
2022-04-23 05:04:54.385678+00:00,47
2022-04-23 05:05:16.658718+00:00,48
2022-04-23 05:06:19.352224+00:00,76
2022-04-23 05:06:49.366479+00:00,55
2022-04-23 05:07:17.396033+00:00,48
2022-04-23 05:07:50.696586+00:00,110
2022-04-23 05:08:20.885975+00:00,47
2022-04-23 05:08:49.650083+00:00,49
2022-04-23 05:09:17.728294+00:00,48
2022-04-23 05:09:47.736412+00:00,47
2022-04-23 05:10:20.457122+00:00,76
2022-04-23 05:11:51.811375+00:00,48
2022-04-23 05:12:19.844830+00:00,76
2022-04-23 05:12:48.553087+00:00,48
2022-04-23 05:13:18.565990+00:00,55
2022-04-23 05:13:36.199578+00:00,49
2022-04-23 05:14:06.228356+00:00,48
2022-04-23 05:15:04.364414+00:00,45
2022-04-23 05:15:22.687482+00:00,50
2022-04-23 05:15:52.699022+00:00,55
2022-04-23 05:16:21.447414+00:00,48
2022-04-23 05:16:50.797257+00:00,49
2022-04-23 05:17:16.261679+00:00,52
2022-04-23 05:17:46.277613+00:00,49
2022-04-23 05:18:19.529900+00:00,76
2022-04-23 05:19:17.721270+00:00,49
2022-04-23 05:19:47.725589+00:00,48
2022-04-23 05:20:50.469780+00:00,44
2022-04-23 05:21:16.561798+00:00,53
2022-04-23 05:21:44.691032+00:00,48
2022-04-23 05:23:14.736258+00:00,49
2022-04-23 05:23:37.595304+00:00,75
2022-04-23 05:24:06.303189+00:00,46
2022-04-23 05:24:33.707654+00:00,50
2022-04-23 05:25:06.332311+00:00,40
2022-04-23 05:25:24.696835+00:00,50
2022-04-23 05:26:21.573480+00:00,48
2022-04-23 05:27:17.734779+00:00,49
2022-04-23 05:28:17.769576+00:00,76
2022-04-23 05:28:46.475869+00:00,46
2022-04-23 05:29:16.492763+00:00,47
2022-04-23 05:29:35.482128+00:00,52
2022-04-23 05:30:05.499442+00:00,48
2022-04-23 05:30:35.515022+00:00,55
2022-04-23 05:31:06.837541+00:00,48
2022-04-23 05:32:52.629326+00:00,49
2022-04-23 05:33:16.796796+00:00,52
2022-04-23 05:33:44.242931+00:00,49
2022-04-23 05:34:39.855911+00:00,57
2022-04-23 05:35:10.499948+00:00,55
2022-04-23 05:35:30.763050+00:00,42
2022-04-23 05:35:59.512912+00:00,55
2022-04-23 05:36:32.773683+00:00,40
2022-04-23 05:37:02.790030+00:00,50
2022-04-23 05:37:25.647302+00:00,48
2022-04-23 05:37:55.705990+00:00,55
2022-04-23 05:38:53.759319+00:00,44
2022-04-23 05:39:21.842197+00:00,67
2022-04-23 05:39:50.544752+00:00,49
2022-04-23 05:40:23.799899+00:00,95
2022-04-23 05:40:51.211176+00:00,52
2022-04-23 05:41:18.662107+00:00,55
2022-04-23 05:41:46.690930+00:00,53
2022-04-23 05:42:19.315636+00:00,76
2022-04-23 05:42:48.646460+00:00,55
2022-04-23 05:43:17.371578+00:00,53
2022-04-23 05:43:35.689467+00:00,75
2022-04-23 05:44:05.700709+00:00,55
2022-04-23 05:44:35.714901+00:00,71
2022-04-23 05:45:04.428855+00:00,53
2022-04-23 05:45:22.738457+00:00,76
2022-04-23 05:45:52.081181+00:00,52
2022-04-23 05:46:21.512616+00:00,55
2022-04-23 05:47:17.673560+00:00,63
2022-04-23 05:47:48.317138+00:00,48
2022-04-23 05:48:18.330906+00:00,55
2022-04-23 05:48:49.656145+00:00,40
2022-04-23 05:49:21.646490+00:00,76
2022-04-23 05:49:53.639832+00:00,48
2022-04-23 05:50:23.656859+00:00,55
2022-04-23 05:51:21.755078+00:00,75
2022-04-23 05:51:50.465854+00:00,49
2022-04-23 05:52:19.861632+00:00,57
2022-04-23 05:52:48.561910+00:00,55
2022-04-23 05:53:18.579052+00:00,64
2022-04-23 05:53:39.492185+00:00,48
2022-04-23 05:54:39.622909+00:00,64
2022-04-23 05:55:12.245586+00:00,76
2022-04-23 05:55:33.845154+00:00,55
2022-04-23 05:56:02.559400+00:00,61
2022-04-23 05:56:30.713532+00:00,68
2022-04-23 05:57:00.740950+00:00,71
2022-04-23 05:57:19.682651+00:00,64
2022-04-23 05:57:49.704418+00:00,55
2022-04-23 05:58:18.504651+00:00,79
2022-04-23 05:58:49.823621+00:00,55
2022-04-23 05:59:18.531113+00:00,64
2022-04-23 06:00:21.804387+00:00,55
2022-04-23 06:00:50.516336+00:00,61
2022-04-23 06:01:16.616362+00:00,57
2022-04-23 06:01:45.323548+00:00,76
2022-04-23 06:02:12.730884+00:00,55
2022-04-23 06:02:37.524510+00:00,95
2022-04-23 06:03:05.612673+00:00,64
2022-04-23 06:03:24.594105+00:00,55
2022-04-23 06:03:54.613773+00:00,76
2022-04-23 06:04:24.623513+00:00,64
2022-04-23 06:04:51.396130+00:00,65
2022-04-23 06:05:17.544181+00:00,55
2022-04-23 06:05:46.257404+00:00,61
2022-04-23 06:06:18.208314+00:00,76
2022-04-23 06:06:47.591099+00:00,55
2022-04-23 06:07:16.305060+00:00,64
2022-04-23 06:08:04.678111+00:00,54
2022-04-23 06:08:34.694985+00:00,55
2022-04-23 06:09:04.845782+00:00,76
2022-04-23 06:09:27.702944+00:00,48
2022-04-23 06:09:53.803510+00:00,79
2022-04-23 06:10:23.816823+00:00,55
2022-04-23 06:11:18.720792+00:00,64
2022-04-23 06:11:48.736287+00:00,63
2022-04-23 06:12:18.751034+00:00,76
2022-04-23 06:12:51.376438+00:00,55
2022-04-23 06:13:50.742433+00:00,76
2022-04-23 06:14:50.761811+00:00,55
2022-04-23 06:15:18.842848+00:00,76
2022-04-23 06:15:49.755188+00:00,55
2022-04-23 06:16:17.834882+00:00,61
2022-04-23 06:16:46.541913+00:00,55
2022-04-23 06:17:16.610780+00:00,64
2022-04-23 06:17:38.877714+00:00,76
2022-04-23 06:18:07.591645+00:00,55
2022-04-23 06:18:40.215428+00:00,71
2022-04-23 06:19:07.628333+00:00,65
2022-04-23 06:19:28.546105+00:00,76
2022-04-23 06:19:59.179458+00:00,55
2022-04-23 06:20:29.202657+00:00,64
2022-04-23 06:20:56.658066+00:00,65
2022-04-23 06:21:18.212842+00:00,58
2022-04-23 06:21:48.233155+00:00,55
2022-04-23 06:22:17.615136+00:00,64
2022-04-23 06:22:46.323618+00:00,55
2022-04-23 06:23:16.384065+00:00,76
2022-04-23 06:23:36.634556+00:00,64
2022-04-23 06:24:04.715318+00:00,57
2022-04-23 06:24:32.794637+00:00,54
2022-04-23 06:25:04.746990+00:00,76
2022-04-23 06:25:22.387323+00:00,61
2022-04-23 06:25:53.707136+00:00,76
2022-04-23 06:26:52.433361+00:00,56
2022-04-23 06:27:16.585516+00:00,65
2022-04-23 06:27:44.680447+00:00,56
2022-04-23 06:28:45.338831+00:00,55
2022-04-23 06:29:33.716489+00:00,58
2022-04-23 06:30:33.740239+00:00,55
2022-04-23 06:31:02.453655+00:00,56
2022-04-23 06:31:22.747888+00:00,76
2022-04-23 06:31:52.757735+00:00,55
2022-04-23 06:32:20.846148+00:00,67
2022-04-23 06:32:51.485499+00:00,55
2022-04-23 06:34:13.765911+00:00,54
2022-04-23 06:34:43.765326+00:00,55
2022-04-23 06:36:05.350905+00:00,76
2022-04-23 06:36:32.754936+00:00,57
2022-04-23 06:37:00.788798+00:00,54
2022-04-23 06:37:21.721988+00:00,55
2022-04-23 06:37:50.424842+00:00,53
2022-04-23 06:38:17.840716+00:00,56
2022-04-23 06:38:47.173842+00:00,76
2022-04-23 06:39:19.804475+00:00,69
2022-04-23 06:39:38.738968+00:00,57
2022-04-23 06:40:08.761193+00:00,55
2022-04-23 06:40:36.786366+00:00,59
2022-04-23 06:41:06.811263+00:00,64
2022-04-23 06:41:27.736409+00:00,48
2022-04-23 06:41:57.749776+00:00,55
2022-04-23 06:42:28.391740+00:00,64
2022-04-23 06:42:57.733171+00:00,56
2022-04-23 06:43:19.292998+00:00,55
2022-04-23 06:44:16.709350+00:00,54
2022-04-23 06:44:46.724259+00:00,55
2022-04-23 06:45:14.808369+00:00,59
2022-04-23 06:45:36.364533+00:00,55
2022-04-23 06:46:05.794950+00:00,58
2022-04-23 06:46:35.899572+00:00,48
2022-04-23 06:47:03.301430+00:00,60
2022-04-23 06:47:21.663312+00:00,53
2022-04-23 06:47:53.615233+00:00,55
2022-04-23 06:48:23.627789+00:00,63
2022-04-23 06:48:51.707095+00:00,52
2022-04-23 06:49:19.741723+00:00,55
2022-04-23 06:49:48.457959+00:00,57
2022-04-23 06:50:17.793044+00:00,54
2022-04-23 06:50:45.248466+00:00,56
2022-04-23 06:51:13.325242+00:00,53
2022-04-23 06:51:31.686680+00:00,55
2022-04-23 06:52:00.397285+00:00,52
2022-04-23 06:52:29.828887+00:00,64
2022-04-23 06:52:57.273671+00:00,76
2022-04-23 06:53:17.705726+00:00,56
2022-04-23 06:53:50.331510+00:00,95
2022-04-23 06:54:19.714772+00:00,47
2022-04-23 06:54:49.775067+00:00,48
2022-04-23 06:55:20.425804+00:00,79
2022-04-23 06:55:51.788273+00:00,48
2022-04-23 06:56:19.231249+00:00,52
2022-04-23 06:56:49.294915+00:00,48
2022-04-23 06:57:19.313961+00:00,76
2022-04-23 06:57:46.717946+00:00,55
2022-04-23 06:58:18.667237+00:00,71
2022-04-23 06:58:48.692464+00:00,55
2022-04-23 06:59:20.634879+00:00,48
2022-04-23 06:59:48.714394+00:00,95
2022-04-23 07:00:17.562979+00:00,45
2022-04-23 07:00:46.263318+00:00,53
2022-04-23 07:01:13.859299+00:00,61
2022-04-23 07:01:32.797875+00:00,48
2022-04-23 07:02:06.056488+00:00,76
2022-04-23 07:02:34.758934+00:00,48
2022-04-23 07:03:04.783215+00:00,76
2022-04-23 07:03:23.723493+00:00,47
2022-04-23 07:03:51.894942+00:00,68
2022-04-23 07:04:20.650484+00:00,47
2022-04-23 07:04:53.321207+00:00,95
2022-04-23 07:05:13.577800+00:00,79
2022-04-23 07:05:43.596076+00:00,47
2022-04-23 07:06:12.297440+00:00,55
2022-04-23 07:06:39.748827+00:00,50
2022-04-23 07:07:09.758987+00:00,48
2022-04-23 07:07:32.627396+00:00,86
2022-04-23 07:08:05.241396+00:00,40
2022-04-23 07:08:32.699633+00:00,47
2022-04-23 07:09:02.762868+00:00,55
2022-04-23 07:09:23.727422+00:00,40
2022-04-23 07:09:51.988833+00:00,44
2022-04-23 07:10:22.677841+00:00,55
2022-04-23 07:11:19.647518+00:00,48
2022-04-23 07:11:48.540961+00:00,46
2022-04-23 07:12:18.650043+00:00,48
2022-04-23 07:13:48.959505+00:00,47
2022-04-23 07:14:16.545292+00:00,48
2022-04-23 07:15:15.537822+00:00,60
2022-04-23 07:15:33.537868+00:00,49
2022-04-23 07:16:03.827856+00:00,48
2022-04-23 07:16:32.630476+00:00,53
2022-04-23 07:17:02.685238+00:00,48
2022-04-23 07:17:25.688231+00:00,76
2022-04-23 07:17:55.697804+00:00,71
2022-04-23 07:18:23.823200+00:00,45
2022-04-23 07:18:56.494120+00:00,76
2022-04-23 07:19:19.355412+00:00,48
2022-04-23 07:19:49.370881+00:00,45
2022-04-23 07:20:20.689234+00:00,42
2022-04-23 07:20:51.336425+00:00,48
2022-04-23 07:21:18.739620+00:00,49
2022-04-23 07:21:48.749641+00:00,48
2022-04-23 07:24:17.665752+00:00,46
2022-04-23 07:24:46.412732+00:00,49
2022-04-23 07:25:17.061107+00:00,44
2022-04-23 07:25:37.356038+00:00,48
2022-04-23 07:26:08.682577+00:00,95
2022-04-23 07:26:41.298017+00:00,40
2022-04-23 07:27:10.692681+00:00,47
2022-04-23 07:27:30.310737+00:00,48
2022-04-23 07:28:29.708247+00:00,47
2022-04-23 07:28:59.770939+00:00,48
2022-04-23 07:30:17.665663+00:00,55
2022-04-23 07:30:47.678970+00:00,48
2022-04-23 07:33:07.451579+00:00,46
2022-04-23 07:33:27.747156+00:00,48
2022-04-23 07:34:29.755419+00:00,76
2022-04-23 07:34:57.785956+00:00,42
2022-04-23 07:35:18.718061+00:00,76
2022-04-23 07:35:49.365181+00:00,48
2022-04-23 07:36:16.764102+00:00,49
2022-04-23 07:36:46.784482+00:00,48
2022-04-23 07:37:35.792078+00:00,45
2022-04-23 07:38:05.856793+00:00,48
2022-04-23 07:39:27.480087+00:00,102
2022-04-23 07:39:56.818133+00:00,42
2022-04-23 07:40:29.535779+00:00,40
2022-04-23 07:40:57.621954+00:00,49
2022-04-23 07:41:18.535736+00:00,48
2022-04-23 07:41:46.616602+00:00,79
2022-04-23 07:42:18.571116+00:00,48
2022-04-23 07:42:51.828106+00:00,95
2022-04-23 07:43:20.528427+00:00,48
2022-04-23 07:43:52.491284+00:00,76
2022-04-23 07:44:21.192283+00:00,86
2022-04-23 07:44:48.607126+00:00,55
2022-04-23 07:46:07.627292+00:00,76
2022-04-23 07:46:36.379878+00:00,54
2022-04-23 07:47:07.701137+00:00,48
2022-04-23 07:48:57.321901+00:00,44
2022-04-23 07:49:17.563224+00:00,48
2022-04-23 07:50:20.208820+00:00,40
2022-04-23 07:50:50.854836+00:00,48
2022-04-23 07:51:21.549993+00:00,76
2022-04-23 07:52:27.470529+00:00,71
2022-04-23 07:52:53.573200+00:00,79
2022-04-23 07:53:21.654954+00:00,71
2022-04-23 07:53:50.357389+00:00,48
2022-04-23 07:54:21.685494+00:00,79
2022-04-23 07:55:17.802639+00:00,71
2022-04-23 07:56:06.804019+00:00,55
2022-04-23 07:56:36.820156+00:00,48
2022-04-23 07:57:07.466146+00:00,55
2022-04-23 07:57:27.757429+00:00,71
2022-04-23 07:57:55.835527+00:00,53
2022-04-23 07:58:24.548448+00:00,48
2022-04-23 07:59:18.736554+00:00,64
2022-04-23 07:59:48.735391+00:00,48
2022-04-23 08:00:50.081026+00:00,55
2022-04-23 08:01:48.804013+00:00,48
2022-04-23 08:03:17.549550+00:00,55
2022-04-23 08:04:13.663436+00:00,49
2022-04-23 08:04:43.682332+00:00,48
2022-04-23 08:05:11.759337+00:00,50
2022-04-23 08:05:29.392126+00:00,53
2022-04-23 08:05:58.775318+00:00,48
2022-04-23 08:06:58.136912+00:00,55
2022-04-23 08:06:58.900657+00:00,0
2022-04-23 08:07:19.689945+00:00,48
2022-04-23 08:07:48.412147+00:00,49
2022-04-23 08:08:19.724378+00:00,55
2022-04-23 08:08:49.746090+00:00,48
2022-04-23 08:09:20.383076+00:00,47
2022-04-23 08:09:49.772427+00:00,55
2022-04-23 08:10:19.792275+00:00,48
2022-04-23 08:10:47.860105+00:00,52
2022-04-23 08:11:16.707848+00:00,48
2022-04-23 08:11:34.397546+00:00,60
2022-04-23 08:12:01.801920+00:00,76
2022-04-23 08:12:59.620052+00:00,64
2022-04-23 08:13:17.495562+00:00,68
2022-04-23 08:14:17.655729+00:00,76
2022-04-23 08:14:48.352268+00:00,55
2022-04-23 08:15:17.777680+00:00,48
2022-04-23 08:15:40.640810+00:00,55
2022-04-23 08:16:38.779571+00:00,68
2022-04-23 08:17:07.491694+00:00,49
2022-04-23 08:17:29.048184+00:00,45
2022-04-23 08:17:58.436194+00:00,53
2022-04-23 08:18:28.441260+00:00,47
2022-04-23 08:18:59.857361+00:00,64
2022-04-23 08:19:18.799242+00:00,71
2022-04-23 08:19:50.751712+00:00,76
2022-04-23 08:20:49.475069+00:00,48
2022-04-23 08:21:48.827913+00:00,55
2022-04-23 08:22:47.558204+00:00,48
2022-04-23 08:23:17.617497+00:00,76
2022-04-23 08:23:38.541995+00:00,48
2022-04-23 08:24:08.554558+00:00,76
2022-04-23 08:24:38.572812+00:00,48
2022-04-23 08:25:58.226692+00:00,68
2022-04-23 08:26:29.536496+00:00,48
2022-04-23 08:27:18.595378+00:00,55
2022-04-23 08:27:51.221129+00:00,95
2022-04-23 08:28:19.253300+00:00,44
2022-04-23 08:28:49.897792+00:00,55
2022-04-23 08:29:19.283898+00:00,48
2022-04-23 08:29:46.692289+00:00,58
2022-04-23 08:30:19.304577+00:00,95
2022-04-23 08:30:46.709880+00:00,76
2022-04-23 08:31:15.432571+00:00,48
2022-04-23 08:31:36.354791+00:00,76
2022-04-23 08:32:03.765378+00:00,53
2022-04-23 08:32:33.775545+00:00,48
2022-04-23 08:33:02.488206+00:00,55
2022-04-23 08:34:51.472263+00:00,48
2022-04-23 08:35:17.624100+00:00,55
2022-04-23 08:35:47.638210+00:00,48
2022-04-23 08:36:17.655007+00:00,55
2022-04-23 08:36:47.672419+00:00,47
2022-04-23 08:37:16.373448+00:00,54
2022-04-23 08:37:34.693066+00:00,48
2022-04-23 08:38:34.725273+00:00,49
2022-04-23 08:39:04.739067+00:00,48
2022-04-23 08:39:26.335737+00:00,55
2022-04-23 08:39:53.746634+00:00,48
2022-04-23 08:40:23.902033+00:00,55
2022-04-23 08:41:18.841377+00:00,48
2022-04-23 08:41:48.863592+00:00,55
2022-04-23 08:42:16.261066+00:00,50
2022-04-23 08:42:43.760147+00:00,53
2022-04-23 08:43:13.814191+00:00,48
2022-04-23 08:43:32.805281+00:00,55
2022-04-23 08:44:02.907195+00:00,48
2022-04-23 08:45:20.582075+00:00,50
2022-04-23 08:45:50.598846+00:00,55
2022-04-23 08:46:49.330033+00:00,49
2022-04-23 08:47:16.733418+00:00,56
2022-04-23 08:47:47.359448+00:00,48
2022-04-23 08:48:17.389028+00:00,55
2022-04-23 08:48:46.820203+00:00,50
2022-04-23 08:49:16.832524+00:00,55
2022-04-23 08:49:35.819877+00:00,48
2022-04-23 08:50:03.269256+00:00,52
2022-04-23 08:50:30.680079+00:00,54
2022-04-23 08:51:00.692595+00:00,48
2022-04-23 08:51:19.729884+00:00,55
2022-04-23 08:54:16.851397+00:00,52
2022-04-23 08:54:45.565086+00:00,95
2022-04-23 08:55:13.642084+00:00,46
2022-04-23 08:55:34.569319+00:00,48
2022-04-23 08:56:02.649698+00:00,50
2022-04-23 08:56:34.600712+00:00,76
2022-04-23 08:57:02.678762+00:00,52
2022-04-23 08:57:21.617313+00:00,45
2022-04-23 08:57:51.630752+00:00,48
2022-04-23 08:58:21.652523+00:00,55
2022-04-23 08:59:50.529944+00:00,48
2022-04-23 09:00:21.853940+00:00,55
2022-04-23 09:00:50.604321+00:00,48
2022-04-23 09:01:20.623983+00:00,75
2022-04-23 09:01:53.284497+00:00,76
2022-04-23 09:02:21.451337+00:00,50
2022-04-23 09:02:51.865923+00:00,45
2022-04-23 09:03:15.368766+00:00,86
2022-04-23 09:03:46.692887+00:00,76
2022-04-23 09:05:17.450200+00:00,53
2022-04-23 09:05:45.539106+00:00,61
2022-04-23 09:06:15.585475+00:00,55
2022-04-23 09:06:44.313176+00:00,52
2022-04-23 09:07:13.638554+00:00,47
2022-04-23 09:07:34.574011+00:00,76
2022-04-23 09:08:04.589600+00:00,48
2022-04-23 09:08:35.229999+00:00,55
2022-04-23 09:09:02.683123+00:00,53
2022-04-23 09:09:20.321911+00:00,50
2022-04-23 09:09:51.648104+00:00,61
2022-04-23 09:10:24.267236+00:00,48
2022-04-23 09:10:54.279308+00:00,71
2022-04-23 09:11:21.693308+00:00,45
2022-04-23 09:11:51.706598+00:00,54
2022-04-23 09:12:23.655428+00:00,48
2022-04-23 09:12:53.672122+00:00,55
2022-04-23 09:13:20.444822+00:00,48
2022-04-23 09:13:48.524625+00:00,54
2022-04-23 09:14:18.540907+00:00,55
2022-04-23 09:15:14.655336+00:00,54
2022-04-23 09:15:33.599651+00:00,48
2022-04-23 09:16:06.229914+00:00,76
2022-04-23 09:16:33.629000+00:00,52
2022-04-23 09:17:03.646631+00:00,64
2022-04-23 09:17:22.631916+00:00,55
2022-04-23 09:17:52.648625+00:00,48
2022-04-23 09:18:20.730381+00:00,54
2022-04-23 09:18:50.746445+00:00,55
2022-04-23 09:20:16.337397+00:00,64
2022-04-23 09:20:43.744568+00:00,52
2022-04-23 09:21:13.805173+00:00,55
2022-04-23 09:21:34.727832+00:00,76
2022-04-23 09:22:04.836060+00:00,48
2022-04-23 09:22:33.586427+00:00,53
2022-04-23 09:23:04.321636+00:00,48
2022-04-23 09:23:25.877807+00:00,55
2022-04-23 09:23:54.591414+00:00,54
2022-04-23 09:24:22.665353+00:00,58
2022-04-23 09:24:52.725816+00:00,55
2022-04-23 09:26:50.898772+00:00,76
2022-04-23 09:27:15.741397+00:00,79
2022-04-23 09:27:43.864886+00:00,95
2022-04-23 09:28:14.512625+00:00,48
2022-04-23 09:28:44.563360+00:00,79
2022-04-23 09:29:13.280132+00:00,64
2022-04-23 09:29:36.952227+00:00,76
2022-04-23 09:30:05.665158+00:00,56
2022-04-23 09:30:34.461621+00:00,48
2022-04-23 09:31:00.567086+00:00,79
2022-04-23 09:31:45.705957+00:00,52
2022-04-23 09:32:43.793513+00:00,55
2022-04-23 09:33:13.795920+00:00,78
2022-04-23 09:33:35.367464+00:00,76
2022-04-23 09:34:35.393421+00:00,55
2022-04-23 09:35:06.710632+00:00,48
2022-04-23 09:35:24.398651+00:00,57
2022-04-23 09:35:55.715254+00:00,48
2022-04-23 09:36:27.668873+00:00,76
2022-04-23 09:36:57.685768+00:00,53
2022-04-23 09:37:16.626707+00:00,55
2022-04-23 09:37:44.709919+00:00,79
2022-04-23 09:38:14.732827+00:00,48
2022-04-23 09:38:40.814912+00:00,79
2022-04-23 09:39:13.450512+00:00,76
2022-04-23 09:39:33.699765+00:00,47
2022-04-23 09:40:06.330048+00:00,76
2022-04-23 09:40:33.737196+00:00,48
2022-04-23 09:41:02.443679+00:00,49
2022-04-23 09:41:24.630021+00:00,48
2022-04-23 09:41:52.707436+00:00,50
2022-04-23 09:42:22.770646+00:00,48
2022-04-23 09:42:51.565982+00:00,45
2022-04-23 09:43:17.714620+00:00,47
2022-04-23 09:43:46.426825+00:00,52
2022-04-23 09:44:15.761065+00:00,41
2022-04-23 09:44:45.782985+00:00,48
2022-04-23 09:45:15.885693+00:00,0
2022-04-23 09:45:34.731745+00:00,48
2022-04-23 09:46:03.451576+00:00,45
2022-04-23 09:47:02.847068+00:00,44
2022-04-23 09:47:21.841778+00:00,48
2022-04-23 09:47:49.251813+00:00,67
2022-04-23 09:48:16.647194+00:00,46
2022-04-23 09:48:44.733253+00:00,53
2022-04-23 09:49:17.341955+00:00,76
2022-04-23 09:49:39.585643+00:00,71
2022-04-23 09:50:07.665779+00:00,45
2022-04-23 09:50:37.005913+00:00,53
2022-04-23 09:51:08.375294+00:00,76
2022-04-23 09:51:26.688600+00:00,50
2022-04-23 09:51:59.944368+00:00,79
2022-04-23 09:52:28.649070+00:00,55
2022-04-23 09:53:01.282706+00:00,76
2022-04-23 09:53:19.679758+00:00,48
2022-04-23 09:53:51.635394+00:00,86
2022-04-23 09:54:24.259603+00:00,95
2022-04-23 09:55:21.770567+00:00,76
2022-04-23 09:55:54.391848+00:00,95
2022-04-23 09:56:27.639993+00:00,79
2022-04-23 09:57:00.270709+00:00,71
2022-04-23 09:57:23.819808+00:00,76
2022-04-23 09:58:29.686751+00:00,95
2022-04-23 10:00:42.443934+00:00,71
2022-04-23 10:01:15.703554+00:00,95
2022-04-23 10:01:48.360290+00:00,76
2022-04-23 10:02:52.312612+00:00,95
2022-04-23 10:03:23.639147+00:00,76
2022-04-23 10:03:56.304920+00:00,95
2022-04-23 10:04:21.773533+00:00,79
2022-04-23 10:05:21.802028+00:00,71
2022-04-23 10:05:50.513927+00:00,79
2022-04-23 10:06:18.774209+00:00,86
2022-04-23 10:06:45.687366+00:00,79
2022-04-23 10:07:18.306949+00:00,81
2022-04-23 10:07:41.849921+00:00,94
2022-04-23 10:08:14.464812+00:00,95
2022-04-23 10:08:47.771621+00:00,76
2022-04-23 10:09:50.545436+00:00,95
2022-04-23 10:10:23.846682+00:00,71
2022-04-23 10:10:56.472295+00:00,86
2022-04-23 10:11:29.813276+00:00,76
2022-04-23 10:11:56.635839+00:00,70
2022-04-23 10:12:27.275666+00:00,76
2022-04-23 10:12:54.689136+00:00,56
2022-04-23 10:13:20.875801+00:00,76
2022-04-23 10:13:47.707258+00:00,79
2022-04-23 10:14:51.729876+00:00,95
2022-04-23 10:15:19.761651+00:00,79
2022-04-23 10:15:51.720452+00:00,76
2022-04-23 10:16:20.431179+00:00,71
2022-04-23 10:16:50.487244+00:00,76
2022-04-23 10:17:19.875530+00:00,55
2022-04-23 10:18:19.232724+00:00,57
2022-04-23 10:18:50.550982+00:00,86
2022-04-23 10:19:16.653348+00:00,79
2022-04-23 10:19:44.732572+00:00,74
2022-04-23 10:20:14.750649+00:00,76
2022-04-23 10:20:41.519610+00:00,79
2022-04-23 10:21:14.778474+00:00,95
2022-04-23 10:21:47.407743+00:00,76
2022-04-23 10:22:20.699663+00:00,81
2022-04-23 10:22:53.329527+00:00,76
2022-04-23 10:23:20.741319+00:00,79
2022-04-23 10:23:53.357580+00:00,76
2022-04-23 10:24:52.764220+00:00,79
2022-04-23 10:25:20.843055+00:00,57
2022-04-23 10:26:17.673821+00:00,60
2022-04-23 10:26:47.684865+00:00,64
2022-04-23 10:27:20.317125+00:00,55
2022-04-23 10:27:42.581329+00:00,75
2022-04-23 10:28:14.544826+00:00,76
2022-04-23 10:28:42.625675+00:00,79
2022-04-23 10:29:12.637994+00:00,55
2022-04-23 10:29:29.648041+00:00,79
2022-04-23 10:29:59.709736+00:00,76
2022-04-23 10:30:32.336542+00:00,95
2022-04-23 10:31:03.657438+00:00,71
2022-04-23 10:31:36.230207+00:00,76
2022-04-23 10:32:08.859204+00:00,71
2022-04-23 10:33:12.843070+00:00,76
2022-04-23 10:33:43.497259+00:00,86
2022-04-23 10:34:14.810038+00:00,76
2022-04-23 10:34:44.834639+00:00,71
2022-04-23 10:35:14.846528+00:00,64
2022-04-23 10:35:43.562485+00:00,58
2022-04-23 10:36:14.197652+00:00,64
2022-04-23 10:36:46.825639+00:00,55
2022-04-23 10:37:18.776323+00:00,76
2022-04-23 10:37:48.791506+00:00,64
2022-04-23 10:38:21.462555+00:00,76
2022-04-23 10:39:17.625283+00:00,64
2022-04-23 10:39:45.836546+00:00,57
2022-04-23 10:40:14.549490+00:00,58
2022-04-23 10:40:44.566538+00:00,55
2022-04-23 10:41:14.584991+00:00,64
2022-04-23 10:41:44.595845+00:00,55
2022-04-23 10:42:12.678666+00:00,65
2022-04-23 10:42:40.751046+00:00,61
2022-04-23 10:43:09.465362+00:00,55
2022-04-23 10:43:42.719835+00:00,95
2022-04-23 10:45:50.653536+00:00,71
2022-04-23 10:46:23.276981+00:00,102
2022-04-23 10:46:54.601771+00:00,95
2022-04-23 10:47:59.893944+00:00,81
2022-04-23 10:48:32.522074+00:00,86
2022-04-23 10:49:05.190988+00:00,95
2022-04-23 10:49:28.729054+00:00,75
2022-04-23 10:49:56.810298+00:00,76
2022-04-23 10:52:39.211027+00:00,79
2022-04-23 10:53:11.252761+00:00,71
2022-04-23 10:53:42.564261+00:00,76
2022-04-23 10:54:14.521834+00:00,79
2022-04-23 10:54:46.565907+00:00,75
2022-04-23 10:55:17.257549+00:00,76
2022-04-23 10:57:28.517858+00:00,75
2022-04-23 10:58:01.687956+00:00,76
2022-04-23 10:59:28.493911+00:00,95
2022-04-23 10:59:57.248224+00:00,76
2022-04-23 11:00:28.565269+00:00,75
2022-04-23 11:01:01.823630+00:00,76
2022-04-23 11:01:33.775772+00:00,71
2022-04-23 11:02:38.344619+00:00,76
2022-04-23 11:03:42.339584+00:00,79
2022-04-23 11:04:13.661133+00:00,76
2022-04-23 11:05:17.647558+00:00,95
2022-04-23 11:05:50.271489+00:00,76
2022-04-23 11:07:58.801622+00:00,81
2022-04-23 11:08:31.421457+00:00,95
2022-04-23 11:09:04.676933+00:00,76
2022-04-23 11:09:27.536283+00:00,86
2022-04-23 11:09:59.533541+00:00,79
2022-04-23 11:10:32.783896+00:00,76
2022-04-23 11:13:17.855670+00:00,75
2022-04-23 11:13:50.464453+00:00,76
2022-04-23 11:14:56.353688+00:00,86
2022-04-23 11:15:27.671483+00:00,76
2022-04-23 11:16:31.608979+00:00,71
2022-04-23 11:17:04.242922+00:00,76
2022-04-23 11:17:31.653365+00:00,79
2022-04-23 11:18:04.277772+00:00,71
2022-04-23 11:18:35.603495+00:00,95
2022-04-23 11:19:08.222197+00:00,76
2022-04-23 11:19:27.838144+00:00,79
2022-04-23 11:20:00.466624+00:00,76
2022-04-23 11:22:10.913902+00:00,95
2022-04-23 11:22:43.635403+00:00,76
2022-04-23 11:24:20.839252+00:00,95
2022-04-23 11:24:53.452979+00:00,76
2022-04-23 11:25:26.719584+00:00,71
2022-04-23 11:25:54.800597+00:00,76
2022-04-23 11:26:27.426324+00:00,86
2022-04-23 11:27:01.399050+00:00,71
2022-04-23 11:27:34.656344+00:00,76
2022-04-23 11:29:11.183391+00:00,81
2022-04-23 11:29:11.948283+00:00,0
2022-04-23 11:29:34.040800+00:00,76
2022-04-23 11:31:06.701713+00:00,55
2022-04-23 11:31:39.307551+00:00,71
2022-04-23 11:32:10.639428+00:00,76
2022-04-23 11:34:19.255888+00:00,71
2022-04-23 11:34:50.576585+00:00,76
2022-04-23 11:35:23.831770+00:00,95
2022-04-23 11:35:53.843334+00:00,76
2022-04-23 11:37:00.397893+00:00,81
2022-04-23 11:37:33.690526+00:00,75
2022-04-23 11:38:06.329771+00:00,76
2022-04-23 11:38:36.338893+00:00,71
2022-04-23 11:39:07.705369+00:00,95
2022-04-23 11:39:30.572249+00:00,78
2022-04-23 11:40:03.827473+00:00,76
2022-04-23 11:41:09.747763+00:00,71
2022-04-23 11:41:42.373143+00:00,95
2022-04-23 11:43:18.269299+00:00,76
2022-04-23 11:43:49.591729+00:00,86
2022-04-23 11:44:23.470850+00:00,79
2022-04-23 11:45:28.676285+00:00,71
2022-04-23 11:45:56.713739+00:00,61
2022-04-23 11:46:26.815677+00:00,76
2022-04-23 11:49:31.595401+00:00,55
2022-04-23 11:50:04.209536+00:00,64
2022-04-23 11:50:36.842663+00:00,75
2022-04-23 11:51:04.249436+00:00,60
2022-04-23 11:51:34.261564+00:00,76
2022-04-23 11:52:06.205019+00:00,55
2022-04-23 11:53:37.561148+00:00,76
2022-04-23 11:55:14.772267+00:00,56
2022-04-23 11:55:47.387086+00:00,76
2022-04-23 11:58:52.701077+00:00,60
2022-04-23 11:59:17.497867+00:00,76
2022-04-23 11:59:50.755919+00:00,95
2022-04-23 12:00:23.375705+00:00,76
2022-04-23 12:01:29.263634+00:00,71
2022-04-23 12:02:00.581617+00:00,79
2022-04-23 12:02:33.878465+00:00,95
2022-04-23 12:03:06.502551+00:00,76
2022-04-23 12:03:39.805590+00:00,107
2022-04-23 12:04:12.424468+00:00,81
2022-04-23 12:04:45.683419+00:00,86
2022-04-23 12:05:18.316805+00:00,95
2022-04-23 12:05:49.629326+00:00,86
2022-04-23 12:06:22.886147+00:00,95
2022-04-23 12:06:55.511293+00:00,81
2022-04-23 12:07:28.769209+00:00,95
2022-04-23 12:08:34.646119+00:00,76
2022-04-23 12:09:30.810160+00:00,75
2022-04-23 12:10:03.525021+00:00,79
2022-04-23 12:10:36.187673+00:00,76
2022-04-23 12:11:08.821990+00:00,71
2022-04-23 12:11:41.443578+00:00,81
2022-04-23 12:12:14.701597+00:00,76
2022-04-23 12:12:47.319872+00:00,81
2022-04-23 12:13:20.576892+00:00,71
2022-04-23 12:14:25.335746+00:00,95
2022-04-23 12:14:56.653736+00:00,76
2022-04-23 12:15:26.669882+00:00,71
2022-04-23 12:15:56.684067+00:00,86
2022-04-23 12:16:29.309713+00:00,95
2022-04-23 12:17:00.631699+00:00,71
2022-04-23 12:17:33.250103+00:00,86
2022-04-23 12:18:04.583006+00:00,81
2022-04-23 12:18:34.592856+00:00,76
2022-04-23 12:19:07.219264+00:00,95
2022-04-23 12:19:30.842072+00:00,86
2022-04-23 12:20:36.722507+00:00,76
2022-04-23 12:21:09.344065+00:00,81
2022-04-23 12:22:13.293287+00:00,95
2022-04-23 12:23:17.235746+00:00,76
2022-04-23 12:24:21.813598+00:00,81
2022-04-23 12:24:54.443100+00:00,76
2022-04-23 12:25:28.370355+00:00,95
2022-04-23 12:25:29.133915+00:00,94
2022-04-23 12:26:01.626174+00:00,71
2022-04-23 12:26:34.244667+00:00,79
2022-04-23 12:27:05.657790+00:00,76
2022-04-23 12:27:38.283577+00:00,79
2022-04-23 12:28:09.608889+00:00,76
2022-04-23 12:29:13.553670+00:00,95
2022-04-23 12:29:36.409942+00:00,79
2022-04-23 12:30:09.660654+00:00,76
2022-04-23 12:31:46.290009+00:00,81
2022-04-23 12:32:15.623036+00:00,95
2022-04-23 12:32:48.250652+00:00,71
2022-04-23 12:33:19.574155+00:00,95
2022-04-23 12:33:52.824045+00:00,81
2022-04-23 12:34:25.445303+00:00,76
2022-04-23 12:37:07.243094+00:00,95
2022-04-23 12:37:38.590838+00:00,79
2022-04-23 12:38:11.262147+00:00,95
2022-04-23 12:40:11.325364+00:00,81
2022-04-23 12:40:42.645805+00:00,71
2022-04-23 12:41:15.314950+00:00,95
2022-04-23 12:42:50.583894+00:00,76
2022-04-23 12:43:56.459148+00:00,81
2022-04-23 12:44:29.718525+00:00,76
2022-04-23 12:45:02.344751+00:00,81
2022-04-23 12:45:33.663592+00:00,95
2022-04-23 12:46:06.911727+00:00,81
2022-04-23 12:47:12.839220+00:00,95
2022-04-23 12:47:46.096966+00:00,76
2022-04-23 12:48:18.858452+00:00,81
2022-04-23 12:49:22.794037+00:00,86
2022-04-23 12:49:55.433743+00:00,95
2022-04-23 12:50:58.697075+00:00,86
2022-04-23 12:52:07.820088+00:00,81
2022-04-23 12:52:40.441972+00:00,71
2022-04-23 12:53:13.699202+00:00,76
2022-04-23 12:54:50.270551+00:00,71
2022-04-23 12:55:21.593354+00:00,76
2022-04-23 12:55:54.216686+00:00,86
2022-04-23 12:56:27.470699+00:00,75
2022-04-23 12:56:58.781464+00:00,76
2022-04-23 12:58:04.672597+00:00,71
2022-04-23 12:58:37.299035+00:00,76
2022-04-23 12:59:08.621706+00:00,81
2022-04-23 13:00:04.736162+00:00,95
2022-04-23 13:01:08.675809+00:00,79
2022-04-23 13:01:41.386683+00:00,81
2022-04-23 13:02:14.696597+00:00,76
2022-04-23 13:02:47.318591+00:00,79
2022-04-23 13:03:19.267501+00:00,81
2022-04-23 13:03:50.588154+00:00,86
2022-04-23 13:04:54.668800+00:00,76
2022-04-23 13:05:27.297995+00:00,95
2022-04-23 13:05:58.660454+00:00,76
2022-04-23 13:06:31.331553+00:00,79
2022-04-23 13:07:02.653573+00:00,86
2022-04-23 13:08:06.599316+00:00,95
2022-04-23 13:08:39.221857+00:00,81
2022-04-23 13:09:11.847232+00:00,94
2022-04-23 13:09:34.705625+00:00,79
2022-04-23 13:10:07.333185+00:00,76
2022-04-23 13:11:10.605341+00:00,79
2022-04-23 13:11:43.230912+00:00,86
2022-04-23 13:12:14.543809+00:00,64
2022-04-23 13:12:46.495582+00:00,71
2022-04-23 13:13:19.740758+00:00,76
2022-04-23 13:13:52.380666+00:00,71
2022-04-23 13:14:25.680693+00:00,81
2022-04-23 13:14:57.632056+00:00,55
2022-04-23 13:15:30.254200+00:00,79
2022-04-23 13:16:01.579122+00:00,64
2022-04-23 13:16:31.587651+00:00,78
2022-04-23 13:17:03.542530+00:00,79
2022-04-23 13:17:36.879332+00:00,71
2022-04-23 13:18:09.515300+00:00,79
2022-04-23 13:18:42.770756+00:00,95
2022-04-23 13:19:15.340937+00:00,86
2022-04-23 13:19:37.752886+00:00,95
2022-04-23 13:20:06.464534+00:00,79
2022-04-23 13:20:39.724425+00:00,71
2022-04-23 13:21:12.350593+00:00,76
2022-04-23 13:22:16.336318+00:00,81
2022-04-23 13:22:47.659409+00:00,76
2022-04-23 13:24:24.269963+00:00,48
2022-04-23 13:24:55.591012+00:00,81
2022-04-23 13:25:28.209278+00:00,86
2022-04-23 13:25:59.586979+00:00,76
2022-04-23 13:26:32.215298+00:00,81
2022-04-23 13:27:05.468861+00:00,76
2022-04-23 13:27:38.714751+00:00,79
2022-04-23 13:28:11.335565+00:00,76
2022-04-23 13:28:42.664112+00:00,71
2022-04-23 13:29:15.293392+00:00,76
2022-04-23 13:29:33.609417+00:00,78
2022-04-23 13:30:03.621354+00:00,86
2022-04-23 13:30:35.572483+00:00,76
2022-04-23 13:31:07.563961+00:00,71
2022-04-23 13:31:41.500532+00:00,76
2022-04-23 13:31:41.505376+00:00,75
2022-04-23 13:32:14.752252+00:00,76
2022-04-23 13:32:47.375248+00:00,86
2022-04-23 13:33:20.635401+00:00,71
2022-04-23 13:33:53.259924+00:00,76
2022-04-23 13:34:24.581474+00:00,79
2022-04-23 13:35:27.218604+00:00,71
2022-04-23 13:35:58.586193+00:00,79
2022-04-23 13:36:31.201437+00:00,71
2022-04-23 13:37:36.503329+00:00,95
2022-04-23 13:38:05.307334+00:00,61
2022-04-23 13:38:32.704878+00:00,58
2022-04-23 13:39:05.333744+00:00,55
2022-04-23 13:39:58.198927+00:00,86
2022-04-23 13:40:30.842581+00:00,55
2022-04-23 13:41:03.454145+00:00,76
2022-04-23 13:41:36.721478+00:00,95
2022-04-23 13:42:09.334607+00:00,86
2022-04-23 13:42:40.662588+00:00,76
2022-04-23 13:43:13.280641+00:00,81
2022-04-23 13:43:44.605043+00:00,95
2022-04-23 13:44:17.236031+00:00,71
2022-04-23 13:44:48.549726+00:00,81
2022-04-23 13:45:18.556205+00:00,86
2022-04-23 13:45:51.814759+00:00,76
2022-04-23 13:46:25.083915+00:00,71
2022-04-23 13:46:25.844314+00:00,0
2022-04-23 13:46:58.339581+00:00,79
2022-04-23 13:47:29.658515+00:00,71
2022-04-23 13:48:02.900071+00:00,95
2022-04-23 13:48:35.534862+00:00,71
2022-04-23 13:49:09.460785+00:00,81
2022-04-23 13:49:32.315966+00:00,86
2022-04-23 13:50:03.647566+00:00,76
2022-04-23 13:50:36.946051+00:00,95
2022-04-23 13:51:09.575016+00:00,94
2022-04-23 13:51:35.665958+00:00,86
2022-04-23 13:52:08.393631+00:00,95
2022-04-23 13:53:14.267568+00:00,79
2022-04-23 13:53:47.521360+00:00,76
2022-04-23 13:54:20.778657+00:00,95
2022-04-23 13:54:53.402660+00:00,81
2022-04-23 13:55:26.746809+00:00,95
2022-04-23 13:55:59.417810+00:00,86
2022-04-23 13:56:32.717563+00:00,76
2022-04-23 13:57:05.441118+00:00,71
2022-04-23 13:57:38.686997+00:00,79
2022-04-23 13:58:11.318151+00:00,107
2022-04-23 13:58:42.678005+00:00,79
2022-04-23 13:59:15.304786+00:00,76
2022-04-23 14:00:11.466179+00:00,81
2022-04-23 14:01:17.340878+00:00,76
2022-04-23 14:02:21.377972+00:00,55
2022-04-23 14:02:54.637210+00:00,75
2022-04-23 14:03:26.585874+00:00,79
2022-04-23 14:03:59.845448+00:00,71
2022-04-23 14:04:31.877428+00:00,79
2022-04-23 14:05:07.532343+00:00,72
2022-04-23 14:05:07.534741+00:00,71
2022-04-23 14:06:43.372665+00:00,95
2022-04-23 14:07:14.681087+00:00,71
2022-04-23 14:08:18.632205+00:00,76
2022-04-23 14:09:41.614168+00:00,71
2022-04-23 14:10:14.868812+00:00,102
2022-04-23 14:10:47.492966+00:00,79
2022-04-23 14:11:18.811875+00:00,75
2022-04-23 14:11:51.487286+00:00,76
2022-04-23 14:14:57.654545+00:00,64
2022-04-23 14:15:30.323251+00:00,76
2022-04-23 14:15:57.725525+00:00,54
2022-04-23 14:16:30.347877+00:00,76
2022-04-23 14:17:01.715943+00:00,86
2022-04-23 14:17:34.340603+00:00,76
2022-04-23 14:18:05.709714+00:00,75
2022-04-23 14:18:38.341575+00:00,76
2022-04-23 14:19:05.781912+00:00,53
2022-04-23 14:19:27.339098+00:00,55
2022-04-23 14:20:31.286786+00:00,76
2022-04-23 14:21:02.604636+00:00,63
2022-04-23 14:21:30.687647+00:00,50
2022-04-23 14:21:59.485201+00:00,52
2022-04-23 14:22:30.801839+00:00,48
2022-04-23 14:23:36.690077+00:00,40
2022-04-23 14:24:05.449284+00:00,48
2022-04-23 14:25:05.515439+00:00,42
2022-04-23 14:25:34.899260+00:00,47
2022-04-23 14:26:05.548788+00:00,48
2022-04-23 14:26:36.283331+00:00,47
2022-04-23 14:27:03.683964+00:00,50
2022-04-23 14:27:32.397207+00:00,49
2022-04-23 14:28:03.717717+00:00,55
2022-04-23 14:28:36.482917+00:00,48
2022-04-23 14:29:07.799447+00:00,76
2022-04-23 14:29:25.490917+00:00,48
2022-04-23 14:30:29.519997+00:00,71
2022-04-23 14:30:58.275566+00:00,49
2022-04-23 14:31:25.676565+00:00,55
2022-04-23 14:31:54.438751+00:00,48
2022-04-23 14:32:24.452209+00:00,47
2022-04-23 14:32:55.775232+00:00,48
2022-04-23 14:33:24.483185+00:00,49
2022-04-23 14:33:55.806439+00:00,48
2022-04-23 14:34:25.867020+00:00,55
2022-04-23 14:34:53.268419+00:00,50
2022-04-23 14:35:23.283561+00:00,48
2022-04-23 14:36:18.857427+00:00,55
2022-04-23 14:36:51.528548+00:00,71
2022-04-23 14:37:21.547422+00:00,48
2022-04-23 14:37:51.554439+00:00,55
2022-04-23 14:38:17.662056+00:00,49
2022-04-23 14:39:17.732064+00:00,55
2022-04-23 14:39:46.449850+00:00,49
2022-04-23 14:40:17.766085+00:00,48
2022-04-23 14:40:36.757562+00:00,52
2022-04-23 14:41:05.452904+00:00,49
2022-04-23 14:41:36.826134+00:00,48
2022-04-23 14:42:57.835091+00:00,52
2022-04-23 14:43:30.456822+00:00,76
2022-04-23 14:44:00.473224+00:00,49
2022-04-23 14:44:19.421991+00:00,52
2022-04-23 14:44:50.734931+00:00,48
2022-04-23 14:45:18.823099+00:00,46
2022-04-23 14:45:48.832017+00:00,50
2022-04-23 14:46:17.572686+00:00,48
2022-04-23 14:46:47.600222+00:00,52
2022-04-23 14:47:17.619643+00:00,55
2022-04-23 14:47:45.746129+00:00,52
2022-04-23 14:48:14.457074+00:00,54
2022-04-23 14:48:32.809663+00:00,52
2022-04-23 14:49:00.254025+00:00,55
2022-04-23 14:49:27.673081+00:00,53
2022-04-23 14:49:57.694962+00:00,55
2022-04-23 14:50:16.631703+00:00,56
2022-04-23 14:50:45.334707+00:00,53
2022-04-23 14:51:14.818004+00:00,54
2022-04-23 14:51:44.830098+00:00,55
2022-04-23 14:52:13.581218+00:00,51
2022-04-23 14:52:36.445052+00:00,76
2022-04-23 14:53:37.822961+00:00,55
2022-04-23 14:54:56.265285+00:00,53
2022-04-23 14:55:27.628932+00:00,55
2022-04-23 14:55:56.333650+00:00,54
2022-04-23 14:56:16.630856+00:00,52
2022-04-23 14:56:45.339309+00:00,56
2022-04-23 14:57:12.743911+00:00,54
2022-04-23 14:57:41.459218+00:00,53
2022-04-23 14:58:10.887310+00:00,54
2022-04-23 14:58:31.814732+00:00,55
2022-04-23 14:59:30.583241+00:00,52
2022-04-23 15:00:00.604448+00:00,55
2022-04-23 15:00:19.590843+00:00,54
2022-04-23 15:00:48.347554+00:00,52
2022-04-23 15:01:15.739990+00:00,53
2022-04-23 15:01:43.830735+00:00,54
2022-04-23 15:02:13.836308+00:00,48
2022-04-23 15:02:31.573714+00:00,54
2022-04-23 15:02:59.742939+00:00,52
2022-04-23 15:03:28.501089+00:00,53
2022-04-23 15:03:58.512098+00:00,55
2022-04-23 15:04:47.473886+00:00,53
2022-04-23 15:05:16.814159+00:00,52
2022-04-23 15:05:46.836241+00:00,55
2022-04-23 15:06:16.217036+00:00,52
2022-04-23 15:06:34.574598+00:00,54
2022-04-23 15:07:03.286721+00:00,55
2022-04-23 15:07:30.731064+00:00,52
2022-04-23 15:07:58.772925+00:00,53
2022-04-23 15:08:44.584559+00:00,54
2022-04-23 15:09:14.597647+00:00,55
2022-04-23 15:09:42.676716+00:00,54
2022-04-23 15:10:28.394657+00:00,53
2022-04-23 15:10:58.409500+00:00,54
2022-04-23 15:11:27.806969+00:00,75
2022-04-23 15:11:55.249846+00:00,58
2022-04-23 15:12:17.525693+00:00,56
2022-04-23 15:12:47.536434+00:00,55
2022-04-23 15:13:16.249882+00:00,54
2022-04-23 15:14:30.734170+00:00,48
2022-04-23 15:14:58.811460+00:00,56
2022-04-23 15:15:26.257158+00:00,54
2022-04-23 15:16:16.650471+00:00,53
2022-04-23 15:16:45.370026+00:00,55
2022-04-23 15:17:12.764293+00:00,56
2022-04-23 15:17:40.263209+00:00,54
2022-04-23 15:18:08.979026+00:00,55
2022-04-23 15:18:26.665772+00:00,54
2022-04-23 15:19:22.824884+00:00,53
2022-04-23 15:19:52.883329+00:00,55
2022-04-23 15:20:19.650637+00:00,48
2022-04-23 15:20:52.331501+00:00,76
2022-04-23 15:21:22.345280+00:00,48
2022-04-23 15:21:53.669106+00:00,55
2022-04-23 15:22:21.745203+00:00,71
2022-04-23 15:22:51.756582+00:00,55
2022-04-23 15:23:23.712141+00:00,76
2022-04-23 15:23:53.725124+00:00,49
2022-04-23 15:24:18.569024+00:00,54
2022-04-23 15:24:47.277303+00:00,56
2022-04-23 15:25:14.681860+00:00,57
2022-04-23 15:25:42.761398+00:00,58
2022-04-23 15:26:10.789390+00:00,68
2022-04-23 15:26:31.722822+00:00,55
2022-04-23 15:27:01.739199+00:00,48
2022-04-23 15:27:34.360987+00:00,76
2022-04-23 15:28:05.718398+00:00,74
2022-04-23 15:28:24.715851+00:00,53
2022-04-23 15:28:54.731555+00:00,55
2022-04-23 15:29:22.852014+00:00,54
2022-04-23 15:29:53.591294+00:00,64
2022-04-23 15:30:21.670667+00:00,94
2022-04-23 15:30:54.296585+00:00,76
2022-04-23 15:30:55.062122+00:00,75
2022-04-23 15:31:22.380780+00:00,60
2022-04-23 15:31:51.848785+00:00,53
2022-04-23 15:32:16.644009+00:00,65
2022-04-23 15:32:48.605311+00:00,64
2022-04-23 15:33:16.626632+00:00,79
2022-04-23 15:33:44.761773+00:00,48
2022-04-23 15:34:12.841956+00:00,57
2022-04-23 15:34:30.520259+00:00,59
2022-04-23 15:34:59.237103+00:00,64
2022-04-23 15:35:31.179778+00:00,55
2022-04-23 15:35:58.593299+00:00,58
2022-04-23 15:36:16.274717+00:00,67
2022-04-23 15:36:46.336859+00:00,55
2022-04-23 15:37:13.783013+00:00,58
2022-04-23 15:37:43.796526+00:00,64
2022-04-23 15:38:13.819371+00:00,55
2022-04-23 15:38:31.508088+00:00,76
2022-04-23 15:38:59.661124+00:00,59
2022-04-23 15:39:27.751954+00:00,58
2022-04-23 15:40:16.758134+00:00,67
2022-04-23 15:40:46.777858+00:00,55
2022-04-23 15:41:16.788401+00:00,64
2022-04-23 15:41:49.415709+00:00,81
2022-04-23 15:42:19.429843+00:00,79
2022-04-23 15:42:49.443227+00:00,76
2022-04-23 15:43:22.701391+00:00,71
2022-04-23 15:43:50.820736+00:00,60
2022-04-23 15:44:23.451237+00:00,81
2022-04-23 15:44:56.706998+00:00,76
2022-04-23 15:45:26.719869+00:00,55
2022-04-23 15:45:56.736102+00:00,76
2022-04-23 15:46:24.816940+00:00,55
2022-04-23 15:47:22.277597+00:00,56
2022-04-23 15:47:51.661051+00:00,55
2022-04-23 15:48:20.416163+00:00,57
2022-04-23 15:48:49.769664+00:00,55
2022-04-23 15:51:04.269395+00:00,54
2022-04-23 15:51:31.670850+00:00,53
2022-04-23 15:52:01.689974+00:00,54
2022-04-23 15:52:31.702923+00:00,55
2022-04-23 15:54:00.489790+00:00,54
2022-04-23 15:54:58.587545+00:00,55
2022-04-23 15:55:26.668065+00:00,56
2022-04-23 15:55:54.740263+00:00,64
2022-04-23 15:56:17.643260+00:00,55
2022-04-23 15:56:47.669608+00:00,76
2022-04-23 15:57:17.679264+00:00,50
2022-04-23 15:57:46.393474+00:00,61
2022-04-23 15:58:16.410027+00:00,55
2022-04-23 15:58:37.333075+00:00,48
2022-04-23 15:59:07.438446+00:00,55
2022-04-23 15:59:35.562957+00:00,61
2022-04-23 16:00:04.266871+00:00,57
2022-04-23 16:00:25.827452+00:00,55
2022-04-23 16:00:53.230196+00:00,56
2022-04-23 16:01:22.614951+00:00,55
2022-04-23 16:02:17.426654+00:00,56
2022-04-23 16:02:45.504579+00:00,58
2022-04-23 16:03:16.832442+00:00,55
2022-04-23 16:03:44.232515+00:00,54
2022-04-23 16:04:14.249692+00:00,55
2022-04-23 16:04:32.601830+00:00,53
2022-04-23 16:05:00.687978+00:00,56
2022-04-23 16:05:29.401145+00:00,53
2022-04-23 16:05:58.782127+00:00,55
2022-04-23 16:06:21.689191+00:00,75
2022-04-23 16:06:51.794004+00:00,48
2022-04-23 16:07:49.217760+00:00,53
2022-04-23 16:08:16.664960+00:00,55
2022-04-23 16:08:45.377042+00:00,64
2022-04-23 16:09:18.674933+00:00,76
2022-04-23 16:09:48.743840+00:00,55
2022-04-23 16:11:50.821984+00:00,71
2022-04-23 16:12:17.593000+00:00,55
2022-04-23 16:13:16.996750+00:00,57
2022-04-23 16:13:45.706454+00:00,55
2022-04-23 16:14:34.679131+00:00,53
2022-04-23 16:15:03.380251+00:00,49
2022-04-23 16:15:32.765641+00:00,76
2022-04-23 16:15:59.585981+00:00,77
2022-04-23 16:16:18.620507+00:00,58
2022-04-23 16:16:48.682961+00:00,55
2022-04-23 16:17:48.709750+00:00,71
2022-04-23 16:18:17.465088+00:00,49
2022-04-23 16:18:48.835354+00:00,55
2022-04-23 16:19:16.275207+00:00,58
2022-04-23 16:19:43.733059+00:00,55
2022-04-23 16:20:32.733150+00:00,52
2022-04-23 16:21:01.450931+00:00,55
2022-04-23 16:22:00.847118+00:00,53
2022-04-23 16:22:18.533484+00:00,55
2022-04-23 16:23:16.671070+00:00,64
2022-04-23 16:23:46.694968+00:00,55
2022-04-23 16:24:16.749669+00:00,76
2022-04-23 16:25:04.495736+00:00,48
2022-04-23 16:25:34.553482+00:00,64
2022-04-23 16:26:07.807268+00:00,76
2022-04-23 16:26:26.751423+00:00,56
2022-04-23 16:26:56.770605+00:00,76
2022-04-23 16:27:59.635805+00:00,57
2022-04-23 16:28:18.579857+00:00,49
2022-04-23 16:28:46.652251+00:00,54
2022-04-23 16:29:14.793645+00:00,48
2022-04-23 16:29:44.849713+00:00,49
2022-04-23 16:30:12.252434+00:00,54
2022-04-23 16:30:31.198010+00:00,55
2022-04-23 16:30:58.690157+00:00,46
2022-04-23 16:31:28.754103+00:00,64
2022-04-23 16:31:58.775139+00:00,46
2022-04-23 16:32:19.688846+00:00,48
2022-04-23 16:32:48.400242+00:00,49
2022-04-23 16:33:15.852347+00:00,61
2022-04-23 16:33:48.528200+00:00,95
2022-04-23 16:34:18.542389+00:00,55
2022-04-23 16:34:38.794045+00:00,48
2022-04-23 16:35:08.803164+00:00,71
2022-04-23 16:35:37.559716+00:00,55
2022-04-23 16:36:27.871467+00:00,48
2022-04-23 16:36:56.582702+00:00,54
2022-04-23 16:37:25.287167+00:00,55
2022-04-23 16:37:52.697539+00:00,48
2022-04-23 16:38:50.799209+00:00,52
2022-04-23 16:39:19.503672+00:00,48
2022-04-23 16:39:49.657576+00:00,55
2022-04-23 16:40:17.730146+00:00,52
2022-04-23 16:40:47.787261+00:00,49
2022-04-23 16:41:17.855473+00:00,48
2022-04-23 16:41:48.495646+00:00,64
2022-04-23 16:42:19.816792+00:00,55
2022-04-23 16:42:37.462683+00:00,61
2022-04-23 16:43:06.801011+00:00,54
2022-04-23 16:43:35.554794+00:00,53
2022-04-23 16:44:05.615504+00:00,55
2022-04-23 16:44:28.522014+00:00,76
2022-04-23 16:45:00.470600+00:00,55
2022-04-23 16:45:30.487720+00:00,61
2022-04-23 16:45:59.916860+00:00,67
2022-04-23 16:46:19.535240+00:00,48
2022-04-23 16:46:49.549608+00:00,55
2022-04-23 16:47:47.645141+00:00,57
2022-04-23 16:48:20.269945+00:00,76
2022-04-23 16:49:11.345473+00:00,49
2022-04-23 16:49:38.798714+00:00,53
2022-04-23 16:50:08.867113+00:00,48
2022-04-23 16:50:26.542530+00:00,52
2022-04-23 16:50:57.185839+00:00,76
2022-04-23 16:51:56.721185+00:00,50
2022-04-23 16:52:21.651426+00:00,76
2022-04-23 16:53:21.684696+00:00,52
2022-04-23 16:53:53.632950+00:00,55
2022-04-23 16:54:20.411328+00:00,76
2022-04-23 16:54:53.671424+00:00,95
2022-04-23 16:55:26.298817+00:00,76
2022-04-23 16:56:21.821161+00:00,75
2022-04-23 16:56:51.840239+00:00,76
2022-04-23 16:57:24.463337+00:00,71
2022-04-23 16:57:57.709444+00:00,76
2022-04-23 16:58:49.288266+00:00,79
2022-04-23 16:59:20.605980+00:00,95
2022-04-23 16:59:53.279478+00:00,76
2022-04-23 17:00:22.664115+00:00,79
2022-04-23 17:00:52.684374+00:00,76
2022-04-23 17:01:24.622194+00:00,55
2022-04-23 17:01:57.295564+00:00,71
2022-04-23 17:02:24.693720+00:00,58
2022-04-23 17:02:52.827042+00:00,56
2022-04-23 17:03:22.166946+00:00,58
2022-04-23 17:03:22.942135+00:00,0
2022-04-23 17:03:55.422567+00:00,95
2022-04-23 17:04:26.747167+00:00,76
2022-04-23 17:04:55.457393+00:00,55
2022-04-23 17:05:28.760629+00:00,76
2022-04-23 17:07:04.743964+00:00,75
2022-04-23 17:07:37.372049+00:00,76
2022-04-23 17:09:31.619978+00:00,75
2022-04-23 17:10:01.637517+00:00,76
2022-04-23 17:11:05.588793+00:00,71
2022-04-23 17:11:33.667970+00:00,57
2022-04-23 17:12:03.688348+00:00,56
2022-04-23 17:12:35.621981+00:00,76
2022-04-23 17:13:04.387596+00:00,53
2022-04-23 17:13:37.643368+00:00,76
2022-04-23 17:14:37.716202+00:00,58
2022-04-23 17:15:05.795667+00:00,57
2022-04-23 17:15:38.464043+00:00,76
2022-04-23 17:16:07.854437+00:00,53
2022-04-23 17:16:39.789528+00:00,76
2022-04-23 17:17:09.825549+00:00,65
2022-04-23 17:17:42.445343+00:00,76
2022-04-23 17:18:31.447237+00:00,53
2022-04-23 17:19:01.468146+00:00,48
2022-04-23 17:19:29.542722+00:00,52
2022-04-23 17:19:58.254506+00:00,53
2022-04-23 17:20:16.662606+00:00,55
2022-04-23 17:20:44.740404+00:00,59
2022-04-23 17:21:17.409323+00:00,86
2022-04-23 17:21:50.712045+00:00,81
2022-04-23 17:22:23.426905+00:00,95
2022-04-23 17:22:56.681537+00:00,71
2022-04-23 17:23:29.354069+00:00,95
2022-04-23 17:24:00.665911+00:00,76
2022-04-23 17:24:34.643013+00:00,94
2022-04-23 17:25:07.271994+00:00,76
2022-04-23 17:26:11.352019+00:00,71
2022-04-23 17:27:15.342997+00:00,76
2022-04-23 17:28:19.377961+00:00,86
2022-04-23 17:28:50.742000+00:00,81
2022-04-23 17:29:52.797512+00:00,79
2022-04-23 17:30:21.508618+00:00,81
2022-04-23 17:30:54.765051+00:00,95
2022-04-23 17:32:00.691442+00:00,71
2022-04-23 17:32:33.313178+00:00,81
2022-04-23 17:33:04.632996+00:00,86
2022-04-23 17:33:37.261610+00:00,107
2022-04-23 17:34:08.670873+00:00,95
2022-04-23 17:34:41.339497+00:00,76
2022-04-23 17:35:12.753881+00:00,81
2022-04-23 17:35:45.364759+00:00,71
2022-04-23 17:36:18.631295+00:00,86
2022-04-23 17:36:51.261276+00:00,79
2022-04-23 17:37:22.580451+00:00,81
2022-04-23 17:37:55.335560+00:00,76
2022-04-23 17:38:59.912835+00:00,81
2022-04-23 17:39:32.530412+00:00,95
2022-04-23 17:40:05.857090+00:00,76
2022-04-23 17:41:01.405342+00:00,81
2022-04-23 17:42:07.974621+00:00,76
2022-04-23 17:42:40.636522+00:00,81
2022-04-23 17:43:44.630823+00:00,95
2022-04-23 17:44:17.255031+00:00,81
2022-04-23 17:44:46.639026+00:00,64
2022-04-23 17:45:12.743196+00:00,79
2022-04-23 17:45:44.693360+00:00,55
2022-04-23 17:46:17.313620+00:00,76
2022-04-23 17:47:47.412232+00:00,57
2022-04-23 17:48:20.660048+00:00,76
2022-04-23 17:48:50.675834+00:00,71
2022-04-23 17:49:23.301088+00:00,76
2022-04-23 17:49:54.619290+00:00,81
2022-04-23 17:50:21.395106+00:00,76
2022-04-23 19:28:27.283250+00:00,81
2022-04-23 19:28:58.591548+00:00,76
2022-04-23 19:29:31.226403+00:00,86
2022-04-23 19:30:03.843642+00:00,75
2022-04-23 19:30:27.343053+00:00,76
2022-04-23 19:30:58.663056+00:00,71
2022-04-23 19:31:31.513693+00:00,86
2022-04-23 19:32:04.809899+00:00,79
2022-04-23 19:32:37.481969+00:00,48
2022-04-23 19:33:10.742204+00:00,79
2022-04-23 19:34:14.684514+00:00,86
2022-04-23 19:34:47.305379+00:00,95
2022-04-23 19:35:19.262597+00:00,76
2022-04-23 19:35:50.578785+00:00,81
2022-04-23 19:36:23.832529+00:00,95
2022-04-23 19:36:56.485645+00:00,79
2022-04-23 19:37:30.388431+00:00,71
2022-04-23 19:38:01.704462+00:00,79
2022-04-23 19:38:34.340433+00:00,71
2022-04-23 19:39:05.641810+00:00,95
2022-04-23 19:39:37.609415+00:00,76
2022-04-23 19:40:07.617287+00:00,48
2022-04-23 19:40:28.589678+00:00,76
2022-04-23 19:42:01.247574+00:00,48
2022-04-23 19:42:32.569598+00:00,76
2022-04-23 19:43:34.541235+00:00,49
2022-04-23 19:44:07.784376+00:00,55
2022-04-23 19:44:40.418556+00:00,76
2022-04-23 19:45:07.817776+00:00,48
2022-04-23 19:46:09.780083+00:00,71
2022-04-23 19:46:41.783498+00:00,76
2022-04-23 19:47:11.794871+00:00,71
2022-04-23 19:47:41.809396+00:00,48
2022-04-23 19:48:14.448362+00:00,76
2022-04-23 19:48:45.760775+00:00,48
2022-04-23 19:49:18.380626+00:00,79
2022-04-23 19:49:51.639256+00:00,76
2022-04-23 19:50:21.652254+00:00,75
2022-04-23 19:50:53.601225+00:00,76
2022-04-23 19:51:56.284179+00:00,48
2022-04-23 19:52:28.235849+00:00,76
2022-04-23 19:52:59.606432+00:00,71
2022-04-23 19:53:32.221214+00:00,76
2022-04-23 19:54:04.857570+00:00,75
2022-04-23 19:54:37.474931+00:00,76
2022-04-23 19:56:13.374018+00:00,48
2022-04-23 19:56:46.769848+00:00,76
2022-04-23 19:57:19.389114+00:00,95
2022-04-23 19:58:24.640338+00:00,76
2022-04-23 20:00:24.742636+00:00,94
2022-04-23 20:00:56.743235+00:00,55
2022-04-23 20:01:29.411613+00:00,76
2022-04-23 20:01:59.515014+00:00,52
2022-04-23 20:02:30.829542+00:00,76
2022-04-23 20:06:49.819506+00:00,86
2022-04-23 20:07:22.440797+00:00,71
2022-04-23 20:07:53.848211+00:00,79
2022-04-23 20:08:26.519175+00:00,76
2022-04-23 20:09:00.453264+00:00,71
2022-04-23 20:09:33.707166+00:00,75
2022-04-23 20:10:06.332553+00:00,55
2022-04-23 20:10:28.559717+00:00,76
2022-04-23 20:13:42.282013+00:00,71
2022-04-23 20:14:11.625627+00:00,79
2022-04-23 20:14:44.261006+00:00,76
2022-04-23 20:15:15.583495+00:00,79
2022-04-23 20:15:48.828917+00:00,71
2022-04-23 20:16:21.459306+00:00,76
2022-04-23 20:20:30.756767+00:00,71
2022-04-23 20:21:03.384973+00:00,48
2022-04-23 20:21:36.635309+00:00,76
2022-04-23 20:22:40.583942+00:00,81
2022-04-23 20:23:13.842044+00:00,76
2022-04-23 20:24:15.805375+00:00,81
2022-04-23 20:24:48.482395+00:00,79
2022-04-23 20:25:21.823783+00:00,71
2022-04-23 20:26:25.768134+00:00,55
2022-04-23 20:26:58.391745+00:00,81
2022-04-23 20:27:31.651061+00:00,76
2022-04-23 20:28:04.213543+00:00,48
2022-04-23 20:28:33.611933+00:00,55
2022-04-23 20:29:03.627751+00:00,49
2022-04-23 20:29:33.639958+00:00,48
2022-04-23 20:30:26.523810+00:00,76
2022-04-23 20:30:57.839229+00:00,55
2022-04-23 20:31:27.853773+00:00,48
2022-04-23 20:32:00.480063+00:00,76
2022-04-23 20:33:37.772871+00:00,55
2022-04-23 20:34:11.020764+00:00,76
2022-04-23 20:34:39.736368+00:00,49
2022-04-23 20:35:37.785334+00:00,48
2022-04-23 20:36:07.801600+00:00,49
2022-04-23 20:36:37.812830+00:00,76
2022-04-23 20:37:38.475849+00:00,49
2022-04-23 20:38:09.798097+00:00,55
2022-04-23 20:38:39.814905+00:00,48
2022-04-23 20:39:11.759481+00:00,49
2022-04-23 20:39:41.775513+00:00,48
2022-04-23 20:40:10.480810+00:00,49
2022-04-23 20:40:30.738753+00:00,48
2022-04-23 20:40:59.494623+00:00,49
2022-04-23 20:41:32.755670+00:00,76
2022-04-23 20:42:02.761604+00:00,63
2022-04-23 20:42:31.473869+00:00,52
2022-04-23 20:43:02.793045+00:00,48
2022-04-23 20:43:32.812566+00:00,49
2022-04-23 20:44:02.821428+00:00,48
2022-04-23 20:45:02.855561+00:00,76
2022-04-23 20:45:33.501114+00:00,55
2022-04-23 20:46:33.529964+00:00,52
2022-04-23 20:47:03.554433+00:00,48
2022-04-23 20:47:35.495700+00:00,56
2022-04-23 20:48:08.747118+00:00,64
2022-04-23 20:49:11.389336+00:00,76
2022-04-23 20:50:38.824477+00:00,71
2022-04-23 20:51:11.453737+00:00,76
2022-04-23 20:51:40.844055+00:00,54
2022-04-23 20:52:07.616277+00:00,0
2022-04-23 20:52:38.854039+00:00,75
2022-04-23 20:53:24.521052+00:00,48
2022-04-23 20:53:57.775089+00:00,76
2022-04-23 20:54:30.400069+00:00,71
2022-04-23 20:55:33.673575+00:00,48
2022-04-23 20:56:03.681733+00:00,55
2022-04-23 20:56:36.312800+00:00,76
2022-04-23 20:57:03.757722+00:00,48
2022-04-23 20:57:36.384492+00:00,76
2022-04-23 20:58:07.709333+00:00,48
2022-04-23 20:58:40.336201+00:00,64
2022-04-23 20:59:11.649887+00:00,48
2022-04-23 20:59:44.269033+00:00,76
2022-04-23 21:00:15.600655+00:00,75
2022-04-23 21:00:38.456217+00:00,48
2022-04-23 21:01:41.730464+00:00,76
2022-04-23 21:02:11.748724+00:00,48
2022-04-23 21:02:44.373515+00:00,76
2022-04-23 21:03:45.703653+00:00,46
2022-04-23 21:04:46.405204+00:00,76
2022-04-23 21:06:21.633286+00:00,50
2022-04-23 21:06:53.618998+00:00,76
2022-04-23 21:07:23.694196+00:00,48
2022-04-23 21:07:53.694770+00:00,55
2022-04-23 21:08:25.654048+00:00,76
2022-04-23 21:08:55.670208+00:00,55
2022-04-23 21:09:23.748587+00:00,52
2022-04-23 21:09:55.704157+00:00,48
2022-04-23 21:10:16.621061+00:00,52
2022-04-23 21:10:46.643202+00:00,55
2022-04-23 21:11:19.263175+00:00,79
2022-04-23 21:11:48.648491+00:00,55
2022-04-23 21:12:20.601981+00:00,48
2022-04-23 21:12:50.611446+00:00,49
2022-04-23 21:13:23.239299+00:00,76
2022-04-23 21:13:52.625721+00:00,55
2022-04-23 21:14:21.337633+00:00,49
2022-04-23 21:14:48.735019+00:00,48
2022-04-23 21:15:21.369688+00:00,76
2022-04-23 21:15:52.685520+00:00,95
2022-04-23 21:16:25.307525+00:00,76
2022-04-23 21:18:00.671325+00:00,95
2022-04-23 21:18:33.289431+00:00,76
2022-04-23 21:19:04.615191+00:00,81
2022-04-23 21:19:37.226069+00:00,76
2022-04-23 21:20:08.596987+00:00,86
2022-04-23 21:20:31.455429+00:00,95
2022-04-23 21:21:37.338788+00:00,76
2022-04-23 21:22:42.591438+00:00,75
2022-04-23 21:23:10.673777+00:00,79
2022-04-23 21:23:43.298539+00:00,95
2022-04-23 21:24:14.619696+00:00,55
2022-04-23 21:24:47.243854+00:00,71
2022-04-23 21:25:18.565446+00:00,79
2022-04-23 21:25:51.819397+00:00,95
2022-04-23 21:26:24.493098+00:00,76
2022-04-23 21:28:00.383637+00:00,81
2022-04-23 21:28:33.680265+00:00,75
2022-04-23 21:29:06.318556+00:00,71
2022-04-23 21:29:37.628096+00:00,76
2022-04-23 21:30:10.245544+00:00,81
2022-04-23 21:30:33.793127+00:00,75
2022-04-23 21:31:06.416919+00:00,71
2022-04-23 21:31:39.715931+00:00,55
2022-04-23 21:32:11.667415+00:00,79
2022-04-23 21:32:44.303692+00:00,76
2022-04-23 21:34:15.649025+00:00,79
2022-04-23 21:34:48.265308+00:00,81
2022-04-23 21:35:19.592503+00:00,76
2022-04-23 21:37:24.830114+00:00,79
2022-04-23 21:38:23.550915+00:00,64
2022-04-23 21:38:55.502893+00:00,76
2022-04-23 21:39:23.579099+00:00,68
2022-04-23 21:39:53.592888+00:00,76
2022-04-23 21:40:54.299028+00:00,71
2022-04-23 21:41:55.627833+00:00,76
2022-04-23 21:42:28.253054+00:00,71
2022-04-23 21:42:59.624811+00:00,76
2022-04-23 21:43:31.584629+00:00,64
2022-04-23 21:44:02.266617+00:00,79
2022-04-23 21:44:30.303198+00:00,60
2022-04-23 21:45:01.625952+00:00,75
2022-04-23 21:45:34.248796+00:00,76
2022-04-23 21:46:05.569684+00:00,95
2022-04-23 21:46:38.824521+00:00,76
2022-04-23 21:47:45.333973+00:00,95
2022-04-23 21:47:46.098167+00:00,94
2022-04-23 21:48:13.421284+00:00,68
2022-04-23 21:48:44.743398+00:00,76
2022-04-23 21:49:17.406846+00:00,95
2022-04-23 21:49:50.659124+00:00,71
2022-04-23 21:50:52.628970+00:00,76
2022-04-23 21:51:52.744853+00:00,71
2022-04-23 21:52:25.373038+00:00,76
2022-04-23 21:52:57.310037+00:00,64
2022-04-23 21:53:28.643872+00:00,76
2022-04-23 21:54:00.593661+00:00,64
2022-04-23 21:54:29.303657+00:00,79
2022-04-23 21:54:29.304539+00:00,78
2022-04-23 21:55:01.248997+00:00,71
2022-04-23 21:55:33.203907+00:00,76
2022-04-23 21:56:01.326682+00:00,79
2022-04-23 21:57:05.269154+00:00,86
2022-04-23 21:57:36.597240+00:00,71
2022-04-23 21:58:09.311584+00:00,86
2022-04-23 21:58:40.631614+00:00,81
2022-04-23 21:59:13.250528+00:00,76
2022-04-23 22:00:17.289545+00:00,95
2022-04-23 22:00:40.827285+00:00,94
2022-04-23 22:01:13.455050+00:00,79
2022-04-23 22:02:18.783445+00:00,81
2022-04-23 22:02:51.421014+00:00,76
2022-04-23 22:03:24.764114+00:00,95
2022-04-23 22:03:57.386652+00:00,76
2022-04-23 22:04:30.636728+00:00,95
2022-04-23 22:05:34.593123+00:00,76
2022-04-23 22:06:07.850622+00:00,79
2022-04-23 22:06:40.471238+00:00,81
2022-04-23 22:07:13.723856+00:00,76
2022-04-23 22:07:40.496875+00:00,79
2022-04-23 22:08:13.756362+00:00,81
2022-04-23 22:08:43.768882+00:00,86
2022-04-23 22:09:16.395170+00:00,95
2022-04-23 22:09:47.716208+00:00,-123
2022-04-23 22:10:21.653299+00:00,79
2022-04-23 22:10:44.600433+00:00,71
2022-04-23 22:11:17.230044+00:00,76
2022-04-23 22:11:50.475097+00:00,79
2022-04-23 22:12:19.272993+00:00,86
2022-04-23 22:12:50.597218+00:00,95
2022-04-23 22:13:23.223015+00:00,71
2022-04-23 22:13:56.476253+00:00,86
2022-04-23 22:14:29.782088+00:00,79
2022-04-23 22:15:03.029316+00:00,71
2022-04-23 22:15:35.665455+00:00,94
2022-04-23 22:16:01.757778+00:00,79
2022-04-23 22:16:31.763581+00:00,64
2022-04-23 22:17:04.399450+00:00,76
2022-04-23 22:18:10.911946+00:00,79
2022-04-23 22:18:44.798048+00:00,81
2022-04-23 22:19:17.421566+00:00,76
2022-04-23 22:20:21.322128+00:00,79
2022-04-23 22:20:52.648331+00:00,76
2022-04-23 22:21:20.681465+00:00,79
2022-04-23 22:24:12.354863+00:00,86
2022-04-23 22:24:43.674009+00:00,81
2022-04-23 22:25:11.757300+00:00,79
2022-04-23 22:26:42.472586+00:00,71
2022-04-23 22:27:40.575176+00:00,74
2022-04-23 22:28:09.287086+00:00,79
2022-04-23 22:28:40.597490+00:00,86
2022-04-23 22:29:12.551121+00:00,79
2022-04-23 22:29:45.807286+00:00,76
2022-04-23 22:30:18.431782+00:00,79
2022-04-23 22:33:05.564142+00:00,86
2022-04-23 22:34:06.227479+00:00,75
2022-04-23 22:34:29.714008+00:00,79
2022-04-23 22:35:33.653909+00:00,95
2022-04-23 22:36:06.284466+00:00,79
2022-04-23 22:38:06.348717+00:00,76
2022-04-23 22:38:33.762281+00:00,79
2022-04-23 22:40:03.847237+00:00,78
2022-04-23 22:40:27.331071+00:00,71
2022-04-23 22:40:53.421691+00:00,79
2022-04-23 22:41:54.273903+00:00,86
2022-04-23 22:42:20.375939+00:00,79
2022-04-23 22:42:53.636012+00:00,86
2022-04-23 22:43:26.252843+00:00,79
2022-04-23 22:43:57.577211+00:00,95
2022-04-23 22:44:23.675154+00:00,77
2022-04-23 22:44:49.775447+00:00,79
2022-04-23 22:45:19.792465+00:00,86
2022-04-23 22:45:44.588271+00:00,79
2022-04-23 22:46:10.680349+00:00,81
2022-04-23 22:46:36.827285+00:00,79
2022-04-23 22:47:07.478868+00:00,86
2022-04-23 22:47:35.506557+00:00,102
2022-04-23 22:48:06.834162+00:00,86
2022-04-23 22:48:35.543046+00:00,88
2022-04-23 22:49:08.829245+00:00,81
2022-04-23 22:49:37.645144+00:00,86
2022-04-23 22:50:10.895739+00:00,79
2022-04-23 22:50:33.754732+00:00,78
2022-04-23 22:51:06.390690+00:00,76
2022-04-23 22:51:34.601572+00:00,79
2022-04-23 22:52:35.303138+00:00,76
2022-04-23 22:53:06.626631+00:00,79
2022-04-23 22:53:36.681582+00:00,71
2022-04-23 22:54:04.766944+00:00,70
2022-04-23 22:54:34.781504+00:00,78
2022-04-23 22:55:02.852722+00:00,72
2022-04-23 22:55:35.482850+00:00,76
2022-04-23 22:56:01.584126+00:00,79
2022-04-23 22:56:34.842025+00:00,76
2022-04-23 22:57:03.554520+00:00,79
2022-04-23 22:58:04.204217+00:00,72
2022-04-23 22:58:34.268595+00:00,79
2022-04-23 22:59:01.678051+00:00,78
2022-04-23 22:59:29.755491+00:00,79
2022-04-23 22:59:57.843012+00:00,68
2022-04-23 23:00:14.847395+00:00,79
2022-04-23 23:00:43.556751+00:00,71
2022-04-23 23:01:11.636289+00:00,79
2022-04-23 23:04:11.775085+00:00,78
2022-04-23 23:04:41.792228+00:00,71
2022-04-23 23:05:06.589165+00:00,79
2022-04-23 23:06:05.310507+00:00,95
2022-04-23 23:06:36.624517+00:00,71
2022-04-23 23:07:09.252687+00:00,76
2022-04-23 23:07:36.660529+00:00,72
2022-04-23 23:08:01.500087+00:00,79
2022-04-23 23:08:29.582083+00:00,70
2022-04-23 23:08:55.682894+00:00,79
2022-04-23 23:09:25.695765+00:00,64
2022-04-23 23:09:58.320898+00:00,79
2022-04-23 23:10:46.641936+00:00,76
2022-04-23 23:11:45.377489+00:00,79
2022-04-23 23:12:12.786004+00:00,72
2022-04-23 23:12:42.801812+00:00,64
2022-04-23 23:13:10.930687+00:00,70
2022-04-23 23:13:35.762722+00:00,79
2022-04-23 23:14:05.777720+00:00,71
2022-04-23 23:15:09.726726+00:00,76
2022-04-23 23:15:37.796036+00:00,79
2022-04-23 23:16:06.559166+00:00,71
2022-04-23 23:16:32.700704+00:00,79
2022-04-23 23:17:02.719148+00:00,71
2022-04-23 23:17:30.805928+00:00,79
2022-04-23 23:18:01.487083+00:00,71
2022-04-23 23:18:30.833927+00:00,79
2022-04-23 23:20:16.587009+00:00,76
2022-04-23 23:20:49.251090+00:00,71
2022-04-23 23:21:16.657226+00:00,79
2022-04-23 23:21:49.372653+00:00,71
2022-04-23 23:22:46.783944+00:00,79
2022-04-23 23:23:43.629602+00:00,64
2022-04-23 23:24:13.642066+00:00,71
2022-04-23 23:24:39.786829+00:00,74
2022-04-23 23:25:08.491292+00:00,76
2022-04-23 23:25:36.581024+00:00,72
2022-04-23 23:26:02.682543+00:00,79
2022-04-23 23:26:30.760787+00:00,76
2022-04-23 23:27:00.782738+00:00,71
2022-04-23 23:27:33.403633+00:00,76
2022-04-23 23:28:00.799686+00:00,79
2022-04-23 23:28:29.514664+00:00,71
2022-04-23 23:29:00.833471+00:00,75
2022-04-23 23:29:33.460759+00:00,71
2022-04-23 23:30:01.542106+00:00,79
2022-04-23 23:30:19.856552+00:00,68
2022-04-23 23:30:47.263023+00:00,69
2022-04-23 23:31:17.361712+00:00,71
2022-04-23 23:32:18.709445+00:00,76
2022-04-23 23:32:48.717545+00:00,71
2022-04-23 23:33:17.428855+00:00,72
2022-04-23 23:33:46.767042+00:00,79
2022-04-23 23:34:15.482095+00:00,71
2022-04-23 23:34:45.494843+00:00,79
2022-04-23 23:35:13.567774+00:00,67
2022-04-23 23:35:46.827200+00:00,79
2022-04-23 23:36:16.843494+00:00,71
2022-04-23 23:37:18.813304+00:00,76
2022-04-23 23:37:45.588353+00:00,79
2022-04-23 23:38:42.330512+00:00,86
2022-04-23 23:39:09.737415+00:00,79
2022-04-23 23:39:38.449302+00:00,71
2022-04-23 23:40:08.459404+00:00,64
2022-04-23 23:40:24.841856+00:00,79
2022-04-23 23:40:57.465335+00:00,71
2022-04-23 23:42:00.784445+00:00,64
2022-04-23 23:42:29.497538+00:00,79
2022-04-23 23:43:02.837842+00:00,71
2022-04-23 23:43:31.543719+00:00,55
2022-04-23 23:44:04.804201+00:00,86
2022-04-23 23:44:36.755624+00:00,79
2022-04-23 23:46:41.447605+00:00,86
2022-04-23 23:47:09.481262+00:00,79
2022-04-23 23:47:38.290442+00:00,70
2022-04-23 23:48:09.599262+00:00,71
2022-04-23 23:49:35.741122+00:00,68
2022-04-23 23:50:01.201630+00:00,79
2022-04-23 23:50:01.967311+00:00,0
2022-04-23 23:50:22.758973+00:00,71
2022-04-23 23:50:50.838391+00:00,70
2022-04-23 23:51:20.856794+00:00,64
2022-04-23 23:51:53.484591+00:00,71
2022-04-23 23:52:53.510522+00:00,79
2022-04-23 23:53:26.772933+00:00,71
2022-04-23 23:53:57.404748+00:00,55
2022-04-23 23:54:27.429778+00:00,71
2022-04-23 23:54:58.750866+00:00,78
2022-04-23 23:55:25.528647+00:00,79
2022-04-23 23:55:58.773043+00:00,71
2022-04-23 23:56:25.552748+00:00,79
2022-04-23 23:56:58.804662+00:00,55
2022-04-23 23:57:31.430636+00:00,71
2022-04-23 23:58:00.818191+00:00,79
2022-04-23 23:58:29.625459+00:00,75
2022-04-23 23:58:58.956882+00:00,79
2022-04-23 23:59:27.667423+00:00,64
2022-04-23 23:59:59.665669+00:00,71